data,entry,true id,dedxs,rrs
/sdf/data/neutrino/sbnd/spine/prod/mpvmpr_v01/output_spine/larcv_test_2500_spine.h5,7,1,4.6664,2.5
/sdf/data/neutrino/sbnd/spine/prod/mpvmpr_v01/output_spine/larcv_test_2500_spine.h5,7,1,3.2292,7.5
/sdf/data/neutrino/sbnd/spine/prod/mpvmpr_v01/output_spine/larcv_test_2500_spine.h5,7,1,-1.0,10.370186
/sdf/data/neutrino/sbnd/spine/prod/mpvmpr_v01/output_spine/larcv_test_2500_spine.h5,40,4,3.9966996,2.3621993
/sdf/data/neutrino/sbnd/spine/prod/mpvmpr_v01/output_spine/larcv_test_2500_spine.h5,70,2,4.6291847,1.484927
/sdf/data/neutrino/sbnd/spine/prod/mpvmpr_v01/output_spine/larcv_test_2500_spine.h5,89,1,2.3240001,2.5
/sdf/data/neutrino/sbnd/spine/prod/mpvmpr_v01/output_spine/larcv_test_2500_spine.h5,89,1,2.5928004,7.5
/sdf/data/neutrino/sbnd/spine/prod/mpvmpr_v01/output_spine/larcv_test_2500_spine.h5,89,1,2.5920005,12.5
/sdf/data/neutrino/sbnd/spine/prod/mpvmpr_v01/output_spine/larcv_test_2500_spine.h5,89,1,2.5156,17.5
/sdf/data/neutrino/sbnd/spine/prod/mpvmpr_v01/output_spine/larcv_test_2500_spine.h5,89,1,2.9668002,22.5
/sdf/data/neutrino/sbnd/spine/prod/mpvmpr_v01/output_spine/larcv_test_2500_spine.h5,89,1,3.9747996,27.5
/sdf/data/neutrino/sbnd/spine/prod/mpvmpr_v01/output_spine/larcv_test_2500_spine.h5,89,1,6.4100738,30.928226
/sdf/data/neutrino/sbnd/spine/prod/mpvmpr_v01/output_spine/larcv_test_2500_spine.h5,95,10,5.222,2.5
/sdf/data/neutrino/sbnd/spine/prod/mpvmpr_v01/output_spine/larcv_test_2500_spine.h5,95,10,2.6648002,7.5
/sdf/data/neutrino/sbnd/spine/prod/mpvmpr_v01/output_spine/larcv_test_2500_spine.h5,95,10,3.0186012,11.085602
/sdf/data/neutrino/sbnd/spine/prod/mpvmpr_v01/output_spine/larcv_test_2500_spine.h5,122,4,4.7335997,2.5
/sdf/data/neutrino/sbnd/spine/prod/mpvmpr_v01/output_spine/larcv_test_2500_spine.h5,122,4,3.549021,6.615093
/sdf/data/neutrino/sbnd/spine/prod/mpvmpr_v01/output_spine/larcv_test_2500_spine.h5,141,0,4.9012003,2.5
/sdf/data/neutrino/sbnd/spine/prod/mpvmpr_v01/output_spine/larcv_test_2500_spine.h5,141,0,3.6952,7.5
/sdf/data/neutrino/sbnd/spine/prod/mpvmpr_v01/output_spine/larcv_test_2500_spine.h5,141,0,2.9272,12.5
/sdf/data/neutrino/sbnd/spine/prod/mpvmpr_v01/output_spine/larcv_test_2500_spine.h5,141,0,2.9915998,17.5
/sdf/data/neutrino/sbnd/spine/prod/mpvmpr_v01/output_spine/larcv_test_2500_spine.h5,141,0,2.3983998,22.5
/sdf/data/neutrino/sbnd/spine/prod/mpvmpr_v01/output_spine/larcv_test_2500_spine.h5,141,0,-1.0,26.285738
/sdf/data/neutrino/sbnd/spine/prod/mpvmpr_v01/output_spine/larcv_test_2500_spine.h5,199,3,6.1649213,0.82158387
/sdf/data/neutrino/sbnd/spine/prod/mpvmpr_v01/output_spine/larcv_test_2500_spine.h5,220,3,2.9992003,2.5
/sdf/data/neutrino/sbnd/spine/prod/mpvmpr_v01/output_spine/larcv_test_2500_spine.h5,220,3,-1.0,5.456209
/sdf/data/neutrino/sbnd/spine/prod/mpvmpr_v01/output_spine/larcv_test_2500_spine.h5,220,3,1.5196,2.5
/sdf/data/neutrino/sbnd/spine/prod/mpvmpr_v01/output_spine/larcv_test_2500_spine.h5,220,3,2.778692,6.57952
/sdf/data/neutrino/sbnd/spine/prod/mpvmpr_v01/output_spine/larcv_test_2500_spine.h5,248,2,4.3384004,2.5
/sdf/data/neutrino/sbnd/spine/prod/mpvmpr_v01/output_spine/larcv_test_2500_spine.h5,248,2,2.3256001,7.5
/sdf/data/neutrino/sbnd/spine/prod/mpvmpr_v01/output_spine/larcv_test_2500_spine.h5,248,2,1.8556,12.5
/sdf/data/neutrino/sbnd/spine/prod/mpvmpr_v01/output_spine/larcv_test_2500_spine.h5,248,2,2.2684002,17.5
/sdf/data/neutrino/sbnd/spine/prod/mpvmpr_v01/output_spine/larcv_test_2500_spine.h5,248,2,2.5064,22.5
/sdf/data/neutrino/sbnd/spine/prod/mpvmpr_v01/output_spine/larcv_test_2500_spine.h5,248,2,2.2328,27.5
/sdf/data/neutrino/sbnd/spine/prod/mpvmpr_v01/output_spine/larcv_test_2500_spine.h5,248,2,-1.0,32.074234
/sdf/data/neutrino/sbnd/spine/prod/mpvmpr_v01/output_spine/larcv_test_2500_spine.h5,253,1,2.3684003,2.5
/sdf/data/neutrino/sbnd/spine/prod/mpvmpr_v01/output_spine/larcv_test_2500_spine.h5,253,1,2.5468,7.5
/sdf/data/neutrino/sbnd/spine/prod/mpvmpr_v01/output_spine/larcv_test_2500_spine.h5,253,1,2.7143998,12.5
/sdf/data/neutrino/sbnd/spine/prod/mpvmpr_v01/output_spine/larcv_test_2500_spine.h5,253,1,2.8276,17.5
/sdf/data/neutrino/sbnd/spine/prod/mpvmpr_v01/output_spine/larcv_test_2500_spine.h5,253,1,2.5852,22.5
/sdf/data/neutrino/sbnd/spine/prod/mpvmpr_v01/output_spine/larcv_test_2500_spine.h5,253,1,3.1164002,27.5
/sdf/data/neutrino/sbnd/spine/prod/mpvmpr_v01/output_spine/larcv_test_2500_spine.h5,253,1,4.1472,32.5
/sdf/data/neutrino/sbnd/spine/prod/mpvmpr_v01/output_spine/larcv_test_2500_spine.h5,253,1,9.422234,36.03192
/sdf/data/neutrino/sbnd/spine/prod/mpvmpr_v01/output_spine/larcv_test_2500_spine.h5,274,3,5.019647,1.8248297
/sdf/data/neutrino/sbnd/spine/prod/mpvmpr_v01/output_spine/larcv_test_2500_spine.h5,274,3,3.5723999,2.5
/sdf/data/neutrino/sbnd/spine/prod/mpvmpr_v01/output_spine/larcv_test_2500_spine.h5,274,3,-1.0,5.0010014
/sdf/data/neutrino/sbnd/spine/prod/mpvmpr_v01/output_spine/larcv_test_2500_spine.h5,285,10,4.4551997,2.5
/sdf/data/neutrino/sbnd/spine/prod/mpvmpr_v01/output_spine/larcv_test_2500_spine.h5,285,10,2.6532023,6.340267
/sdf/data/neutrino/sbnd/spine/prod/mpvmpr_v01/output_spine/larcv_test_2500_spine.h5,296,0,5.1363997,2.5
/sdf/data/neutrino/sbnd/spine/prod/mpvmpr_v01/output_spine/larcv_test_2500_spine.h5,296,0,3.1995184,7.0790634
/sdf/data/neutrino/sbnd/spine/prod/mpvmpr_v01/output_spine/larcv_test_2500_spine.h5,306,9,4.2320004,2.5
/sdf/data/neutrino/sbnd/spine/prod/mpvmpr_v01/output_spine/larcv_test_2500_spine.h5,306,9,3.1999998,7.5
/sdf/data/neutrino/sbnd/spine/prod/mpvmpr_v01/output_spine/larcv_test_2500_spine.h5,306,9,2.6844,12.5
/sdf/data/neutrino/sbnd/spine/prod/mpvmpr_v01/output_spine/larcv_test_2500_spine.h5,306,9,2.6252005,17.5
/sdf/data/neutrino/sbnd/spine/prod/mpvmpr_v01/output_spine/larcv_test_2500_spine.h5,306,9,2.3236003,22.5
/sdf/data/neutrino/sbnd/spine/prod/mpvmpr_v01/output_spine/larcv_test_2500_spine.h5,306,9,2.1596,27.5
/sdf/data/neutrino/sbnd/spine/prod/mpvmpr_v01/output_spine/larcv_test_2500_spine.h5,306,9,2.2744002,32.5
/sdf/data/neutrino/sbnd/spine/prod/mpvmpr_v01/output_spine/larcv_test_2500_spine.h5,306,9,2.1484,37.5
/sdf/data/neutrino/sbnd/spine/prod/mpvmpr_v01/output_spine/larcv_test_2500_spine.h5,306,9,2.4226396,41.276295
/sdf/data/neutrino/sbnd/spine/prod/mpvmpr_v01/output_spine/larcv_test_2500_spine.h5,310,2,4.6769624,0.6538433
/sdf/data/neutrino/sbnd/spine/prod/mpvmpr_v01/output_spine/larcv_test_2500_spine.h5,310,2,-1.0,0.56125027
/sdf/data/neutrino/sbnd/spine/prod/mpvmpr_v01/output_spine/larcv_test_2500_spine.h5,311,8,4.4796,2.5
/sdf/data/neutrino/sbnd/spine/prod/mpvmpr_v01/output_spine/larcv_test_2500_spine.h5,311,8,3.1816,7.5
/sdf/data/neutrino/sbnd/spine/prod/mpvmpr_v01/output_spine/larcv_test_2500_spine.h5,311,8,2.9664001,12.5
/sdf/data/neutrino/sbnd/spine/prod/mpvmpr_v01/output_spine/larcv_test_2500_spine.h5,311,8,2.750639,17.487423
/sdf/data/neutrino/sbnd/spine/prod/mpvmpr_v01/output_spine/larcv_test_2500_spine.h5,341,1,5.0816,2.5
/sdf/data/neutrino/sbnd/spine/prod/mpvmpr_v01/output_spine/larcv_test_2500_spine.h5,341,1,3.0508,7.5
/sdf/data/neutrino/sbnd/spine/prod/mpvmpr_v01/output_spine/larcv_test_2500_spine.h5,341,1,2.6656,12.5
/sdf/data/neutrino/sbnd/spine/prod/mpvmpr_v01/output_spine/larcv_test_2500_spine.h5,341,1,1.9344,17.5
/sdf/data/neutrino/sbnd/spine/prod/mpvmpr_v01/output_spine/larcv_test_2500_spine.h5,341,1,2.1872,22.5
/sdf/data/neutrino/sbnd/spine/prod/mpvmpr_v01/output_spine/larcv_test_2500_spine.h5,341,1,2.6076,27.5
/sdf/data/neutrino/sbnd/spine/prod/mpvmpr_v01/output_spine/larcv_test_2500_spine.h5,341,1,2.21,32.5
/sdf/data/neutrino/sbnd/spine/prod/mpvmpr_v01/output_spine/larcv_test_2500_spine.h5,341,1,2.2496,37.5
/sdf/data/neutrino/sbnd/spine/prod/mpvmpr_v01/output_spine/larcv_test_2500_spine.h5,341,1,2.9782338,41.349792
/sdf/data/neutrino/sbnd/spine/prod/mpvmpr_v01/output_spine/larcv_test_2500_spine.h5,358,10,5.0464,2.5
/sdf/data/neutrino/sbnd/spine/prod/mpvmpr_v01/output_spine/larcv_test_2500_spine.h5,358,10,3.4412003,7.5
/sdf/data/neutrino/sbnd/spine/prod/mpvmpr_v01/output_spine/larcv_test_2500_spine.h5,358,10,-1.0,11.030289
/sdf/data/neutrino/sbnd/spine/prod/mpvmpr_v01/output_spine/larcv_test_2500_spine.h5,393,6,5.472399,2.5
/sdf/data/neutrino/sbnd/spine/prod/mpvmpr_v01/output_spine/larcv_test_2500_spine.h5,393,6,2.9924004,7.5
/sdf/data/neutrino/sbnd/spine/prod/mpvmpr_v01/output_spine/larcv_test_2500_spine.h5,393,6,2.6311998,12.5
/sdf/data/neutrino/sbnd/spine/prod/mpvmpr_v01/output_spine/larcv_test_2500_spine.h5,393,6,2.5512004,17.5
/sdf/data/neutrino/sbnd/spine/prod/mpvmpr_v01/output_spine/larcv_test_2500_spine.h5,393,6,2.5808,22.5
/sdf/data/neutrino/sbnd/spine/prod/mpvmpr_v01/output_spine/larcv_test_2500_spine.h5,393,6,2.0804,27.5
/sdf/data/neutrino/sbnd/spine/prod/mpvmpr_v01/output_spine/larcv_test_2500_spine.h5,393,6,2.2212002,32.5
/sdf/data/neutrino/sbnd/spine/prod/mpvmpr_v01/output_spine/larcv_test_2500_spine.h5,393,6,2.1372004,37.5
/sdf/data/neutrino/sbnd/spine/prod/mpvmpr_v01/output_spine/larcv_test_2500_spine.h5,393,6,1.9728003,42.5
/sdf/data/neutrino/sbnd/spine/prod/mpvmpr_v01/output_spine/larcv_test_2500_spine.h5,393,6,1.8028002,47.5
/sdf/data/neutrino/sbnd/spine/prod/mpvmpr_v01/output_spine/larcv_test_2500_spine.h5,393,6,1.9216003,52.5
/sdf/data/neutrino/sbnd/spine/prod/mpvmpr_v01/output_spine/larcv_test_2500_spine.h5,393,6,1.746238,56.88863
/sdf/data/neutrino/sbnd/spine/prod/mpvmpr_v01/output_spine/larcv_test_2500_spine.h5,404,6,-1.0,0.25980586
/sdf/data/neutrino/sbnd/spine/prod/mpvmpr_v01/output_spine/larcv_test_2500_spine.h5,404,6,4.3147893,1.4543006
/sdf/data/neutrino/sbnd/spine/prod/mpvmpr_v01/output_spine/larcv_test_2500_spine.h5,424,11,5.3080006,2.5
/sdf/data/neutrino/sbnd/spine/prod/mpvmpr_v01/output_spine/larcv_test_2500_spine.h5,424,11,-1.0,5.174888
/sdf/data/neutrino/sbnd/spine/prod/mpvmpr_v01/output_spine/larcv_test_2500_spine.h5,439,2,5.2196636,1.8062468
/sdf/data/neutrino/sbnd/spine/prod/mpvmpr_v01/output_spine/larcv_test_2500_spine.h5,468,2,-1.0,0.2121234
/sdf/data/neutrino/sbnd/spine/prod/mpvmpr_v01/output_spine/larcv_test_2500_spine.h5,479,5,-1.0,0.1499939
/sdf/data/neutrino/sbnd/spine/prod/mpvmpr_v01/output_spine/larcv_test_2500_spine.h5,484,2,4.7788,2.5
/sdf/data/neutrino/sbnd/spine/prod/mpvmpr_v01/output_spine/larcv_test_2500_spine.h5,484,2,3.385527,6.9075317
/sdf/data/neutrino/sbnd/spine/prod/mpvmpr_v01/output_spine/larcv_test_2500_spine.h5,514,3,-1.0,0.44999695
/sdf/data/neutrino/sbnd/spine/prod/mpvmpr_v01/output_spine/larcv_test_2500_spine.h5,522,10,3.8863995,2.5
/sdf/data/neutrino/sbnd/spine/prod/mpvmpr_v01/output_spine/larcv_test_2500_spine.h5,522,10,3.2960002,7.5
/sdf/data/neutrino/sbnd/spine/prod/mpvmpr_v01/output_spine/larcv_test_2500_spine.h5,522,10,2.8059998,12.5
/sdf/data/neutrino/sbnd/spine/prod/mpvmpr_v01/output_spine/larcv_test_2500_spine.h5,522,10,3.093226,16.1467
/sdf/data/neutrino/sbnd/spine/prod/mpvmpr_v01/output_spine/larcv_test_2500_spine.h5,537,9,5.052,2.5
/sdf/data/neutrino/sbnd/spine/prod/mpvmpr_v01/output_spine/larcv_test_2500_spine.h5,537,9,3.1003995,7.5
/sdf/data/neutrino/sbnd/spine/prod/mpvmpr_v01/output_spine/larcv_test_2500_spine.h5,537,9,2.9308276,10.9891405
/sdf/data/neutrino/sbnd/spine/prod/mpvmpr_v01/output_spine/larcv_test_2500_spine.h5,538,4,4.0728006,2.5
/sdf/data/neutrino/sbnd/spine/prod/mpvmpr_v01/output_spine/larcv_test_2500_spine.h5,538,4,3.1460004,7.5
/sdf/data/neutrino/sbnd/spine/prod/mpvmpr_v01/output_spine/larcv_test_2500_spine.h5,538,4,2.804,12.5
/sdf/data/neutrino/sbnd/spine/prod/mpvmpr_v01/output_spine/larcv_test_2500_spine.h5,538,4,2.5280004,17.5
/sdf/data/neutrino/sbnd/spine/prod/mpvmpr_v01/output_spine/larcv_test_2500_spine.h5,538,4,2.2764,22.5
/sdf/data/neutrino/sbnd/spine/prod/mpvmpr_v01/output_spine/larcv_test_2500_spine.h5,538,4,2.5351999,27.5
/sdf/data/neutrino/sbnd/spine/prod/mpvmpr_v01/output_spine/larcv_test_2500_spine.h5,538,4,-1.0,30.410486
/sdf/data/neutrino/sbnd/spine/prod/mpvmpr_v01/output_spine/larcv_test_2500_spine.h5,541,12,5.1399994,2.5
/sdf/data/neutrino/sbnd/spine/prod/mpvmpr_v01/output_spine/larcv_test_2500_spine.h5,541,12,3.3477175,5.7405047
/sdf/data/neutrino/sbnd/spine/prod/mpvmpr_v01/output_spine/larcv_test_2500_spine.h5,562,6,4.5984006,2.5
/sdf/data/neutrino/sbnd/spine/prod/mpvmpr_v01/output_spine/larcv_test_2500_spine.h5,562,6,3.1856,7.5
/sdf/data/neutrino/sbnd/spine/prod/mpvmpr_v01/output_spine/larcv_test_2500_spine.h5,562,6,2.8412006,12.5
/sdf/data/neutrino/sbnd/spine/prod/mpvmpr_v01/output_spine/larcv_test_2500_spine.h5,562,6,2.4207997,17.5
/sdf/data/neutrino/sbnd/spine/prod/mpvmpr_v01/output_spine/larcv_test_2500_spine.h5,562,6,2.3996,22.5
/sdf/data/neutrino/sbnd/spine/prod/mpvmpr_v01/output_spine/larcv_test_2500_spine.h5,562,6,-1.0,25.06661
/sdf/data/neutrino/sbnd/spine/prod/mpvmpr_v01/output_spine/larcv_test_2500_spine.h5,575,1,5.1640005,2.5
/sdf/data/neutrino/sbnd/spine/prod/mpvmpr_v01/output_spine/larcv_test_2500_spine.h5,575,1,2.9,7.5
/sdf/data/neutrino/sbnd/spine/prod/mpvmpr_v01/output_spine/larcv_test_2500_spine.h5,575,1,2.9696002,12.5
/sdf/data/neutrino/sbnd/spine/prod/mpvmpr_v01/output_spine/larcv_test_2500_spine.h5,575,1,-1.0,15.337477
/sdf/data/neutrino/sbnd/spine/prod/mpvmpr_v01/output_spine/larcv_test_2500_spine.h5,589,0,4.3872,2.5
/sdf/data/neutrino/sbnd/spine/prod/mpvmpr_v01/output_spine/larcv_test_2500_spine.h5,589,0,3.5412006,7.5
/sdf/data/neutrino/sbnd/spine/prod/mpvmpr_v01/output_spine/larcv_test_2500_spine.h5,589,0,2.8435998,12.5
/sdf/data/neutrino/sbnd/spine/prod/mpvmpr_v01/output_spine/larcv_test_2500_spine.h5,589,0,2.6952024,16.915997
/sdf/data/neutrino/sbnd/spine/prod/mpvmpr_v01/output_spine/larcv_test_2500_spine.h5,602,2,4.4316,2.5
/sdf/data/neutrino/sbnd/spine/prod/mpvmpr_v01/output_spine/larcv_test_2500_spine.h5,602,2,2.9856007,7.5
/sdf/data/neutrino/sbnd/spine/prod/mpvmpr_v01/output_spine/larcv_test_2500_spine.h5,602,2,3.2376003,12.5
/sdf/data/neutrino/sbnd/spine/prod/mpvmpr_v01/output_spine/larcv_test_2500_spine.h5,602,2,2.3867872,16.35831
/sdf/data/neutrino/sbnd/spine/prod/mpvmpr_v01/output_spine/larcv_test_2500_spine.h5,607,1,4.0244007,2.5
/sdf/data/neutrino/sbnd/spine/prod/mpvmpr_v01/output_spine/larcv_test_2500_spine.h5,607,1,3.0480003,7.5
/sdf/data/neutrino/sbnd/spine/prod/mpvmpr_v01/output_spine/larcv_test_2500_spine.h5,607,1,3.0699387,12.212422
/sdf/data/neutrino/sbnd/spine/prod/mpvmpr_v01/output_spine/larcv_test_2500_spine.h5,611,4,4.4468,2.5
/sdf/data/neutrino/sbnd/spine/prod/mpvmpr_v01/output_spine/larcv_test_2500_spine.h5,611,4,3.3360004,7.5
/sdf/data/neutrino/sbnd/spine/prod/mpvmpr_v01/output_spine/larcv_test_2500_spine.h5,611,4,2.9992,12.5
/sdf/data/neutrino/sbnd/spine/prod/mpvmpr_v01/output_spine/larcv_test_2500_spine.h5,611,4,2.4152005,17.5
/sdf/data/neutrino/sbnd/spine/prod/mpvmpr_v01/output_spine/larcv_test_2500_spine.h5,611,4,2.256,22.5
/sdf/data/neutrino/sbnd/spine/prod/mpvmpr_v01/output_spine/larcv_test_2500_spine.h5,611,4,2.3973753,26.27139
/sdf/data/neutrino/sbnd/spine/prod/mpvmpr_v01/output_spine/larcv_test_2500_spine.h5,641,1,5.5978937,1.8371198
/sdf/data/neutrino/sbnd/spine/prod/mpvmpr_v01/output_spine/larcv_test_2500_spine.h5,648,1,5.3820915,1.5297027
/sdf/data/neutrino/sbnd/spine/prod/mpvmpr_v01/output_spine/larcv_test_2500_spine.h5,648,1,-1.0,0.0
/sdf/data/neutrino/sbnd/spine/prod/mpvmpr_v01/output_spine/larcv_test_2500_spine.h5,649,3,3.2871997,2.5
/sdf/data/neutrino/sbnd/spine/prod/mpvmpr_v01/output_spine/larcv_test_2500_spine.h5,649,3,2.8935997,7.5
/sdf/data/neutrino/sbnd/spine/prod/mpvmpr_v01/output_spine/larcv_test_2500_spine.h5,649,3,2.9996004,12.5
/sdf/data/neutrino/sbnd/spine/prod/mpvmpr_v01/output_spine/larcv_test_2500_spine.h5,649,3,2.3032002,17.5
/sdf/data/neutrino/sbnd/spine/prod/mpvmpr_v01/output_spine/larcv_test_2500_spine.h5,649,3,2.3901029,22.27396
/sdf/data/neutrino/sbnd/spine/prod/mpvmpr_v01/output_spine/larcv_test_2500_spine.h5,676,5,3.8407998,2.5
/sdf/data/neutrino/sbnd/spine/prod/mpvmpr_v01/output_spine/larcv_test_2500_spine.h5,676,5,2.6556003,7.5
/sdf/data/neutrino/sbnd/spine/prod/mpvmpr_v01/output_spine/larcv_test_2500_spine.h5,676,5,0.9552001,12.5
/sdf/data/neutrino/sbnd/spine/prod/mpvmpr_v01/output_spine/larcv_test_2500_spine.h5,676,5,-1.0,15.232092
/sdf/data/neutrino/sbnd/spine/prod/mpvmpr_v01/output_spine/larcv_test_2500_spine.h5,706,1,4.901601,2.5
/sdf/data/neutrino/sbnd/spine/prod/mpvmpr_v01/output_spine/larcv_test_2500_spine.h5,706,1,3.2050302,7.351616
/sdf/data/neutrino/sbnd/spine/prod/mpvmpr_v01/output_spine/larcv_test_2500_spine.h5,706,1,3.0856,2.5
/sdf/data/neutrino/sbnd/spine/prod/mpvmpr_v01/output_spine/larcv_test_2500_spine.h5,706,1,2.1928,7.5
/sdf/data/neutrino/sbnd/spine/prod/mpvmpr_v01/output_spine/larcv_test_2500_spine.h5,706,1,2.5348003,12.5
/sdf/data/neutrino/sbnd/spine/prod/mpvmpr_v01/output_spine/larcv_test_2500_spine.h5,706,1,2.0412002,17.5
/sdf/data/neutrino/sbnd/spine/prod/mpvmpr_v01/output_spine/larcv_test_2500_spine.h5,706,1,2.3240006,22.5
/sdf/data/neutrino/sbnd/spine/prod/mpvmpr_v01/output_spine/larcv_test_2500_spine.h5,706,1,1.9951999,27.5
/sdf/data/neutrino/sbnd/spine/prod/mpvmpr_v01/output_spine/larcv_test_2500_spine.h5,706,1,1.9707998,32.5
/sdf/data/neutrino/sbnd/spine/prod/mpvmpr_v01/output_spine/larcv_test_2500_spine.h5,706,1,1.9102292,35.929207
/sdf/data/neutrino/sbnd/spine/prod/mpvmpr_v01/output_spine/larcv_test_2500_spine.h5,707,5,4.7088003,2.5
/sdf/data/neutrino/sbnd/spine/prod/mpvmpr_v01/output_spine/larcv_test_2500_spine.h5,707,5,3.0668,7.5
/sdf/data/neutrino/sbnd/spine/prod/mpvmpr_v01/output_spine/larcv_test_2500_spine.h5,707,5,-1.0,10.255047
/sdf/data/neutrino/sbnd/spine/prod/mpvmpr_v01/output_spine/larcv_test_2500_spine.h5,711,0,4.0248003,2.5
/sdf/data/neutrino/sbnd/spine/prod/mpvmpr_v01/output_spine/larcv_test_2500_spine.h5,711,0,2.9060001,7.5
/sdf/data/neutrino/sbnd/spine/prod/mpvmpr_v01/output_spine/larcv_test_2500_spine.h5,711,0,2.9513805,12.259621
/sdf/data/neutrino/sbnd/spine/prod/mpvmpr_v01/output_spine/larcv_test_2500_spine.h5,716,10,6.6331143,1.2903442
/sdf/data/neutrino/sbnd/spine/prod/mpvmpr_v01/output_spine/larcv_test_2500_spine.h5,752,0,4.822801,2.5
/sdf/data/neutrino/sbnd/spine/prod/mpvmpr_v01/output_spine/larcv_test_2500_spine.h5,752,0,3.5327644,5.8087153
/sdf/data/neutrino/sbnd/spine/prod/mpvmpr_v01/output_spine/larcv_test_2500_spine.h5,776,3,5.6729383,1.7557039
/sdf/data/neutrino/sbnd/spine/prod/mpvmpr_v01/output_spine/larcv_test_2500_spine.h5,794,9,4.756322,2.4186754
/sdf/data/neutrino/sbnd/spine/prod/mpvmpr_v01/output_spine/larcv_test_2500_spine.h5,814,0,3.1952,2.5
/sdf/data/neutrino/sbnd/spine/prod/mpvmpr_v01/output_spine/larcv_test_2500_spine.h5,814,0,3.6852002,7.5
/sdf/data/neutrino/sbnd/spine/prod/mpvmpr_v01/output_spine/larcv_test_2500_spine.h5,814,0,5.609173,10.802079
/sdf/data/neutrino/sbnd/spine/prod/mpvmpr_v01/output_spine/larcv_test_2500_spine.h5,830,0,4.8046513,2.168524
/sdf/data/neutrino/sbnd/spine/prod/mpvmpr_v01/output_spine/larcv_test_2500_spine.h5,832,3,4.988,2.5
/sdf/data/neutrino/sbnd/spine/prod/mpvmpr_v01/output_spine/larcv_test_2500_spine.h5,832,3,3.4187999,7.5
/sdf/data/neutrino/sbnd/spine/prod/mpvmpr_v01/output_spine/larcv_test_2500_spine.h5,832,3,2.9060004,12.5
/sdf/data/neutrino/sbnd/spine/prod/mpvmpr_v01/output_spine/larcv_test_2500_spine.h5,832,3,2.7940001,17.5
/sdf/data/neutrino/sbnd/spine/prod/mpvmpr_v01/output_spine/larcv_test_2500_spine.h5,832,3,2.4808,22.5
/sdf/data/neutrino/sbnd/spine/prod/mpvmpr_v01/output_spine/larcv_test_2500_spine.h5,832,3,2.7212002,27.5
/sdf/data/neutrino/sbnd/spine/prod/mpvmpr_v01/output_spine/larcv_test_2500_spine.h5,832,3,2.3676004,32.5
/sdf/data/neutrino/sbnd/spine/prod/mpvmpr_v01/output_spine/larcv_test_2500_spine.h5,832,3,2.0732,37.5
/sdf/data/neutrino/sbnd/spine/prod/mpvmpr_v01/output_spine/larcv_test_2500_spine.h5,832,3,2.6116586,41.527763
/sdf/data/neutrino/sbnd/spine/prod/mpvmpr_v01/output_spine/larcv_test_2500_spine.h5,863,5,4.4060006,2.5
/sdf/data/neutrino/sbnd/spine/prod/mpvmpr_v01/output_spine/larcv_test_2500_spine.h5,863,5,2.9628003,7.5
/sdf/data/neutrino/sbnd/spine/prod/mpvmpr_v01/output_spine/larcv_test_2500_spine.h5,863,5,3.4640625,12.463293
/sdf/data/neutrino/sbnd/spine/prod/mpvmpr_v01/output_spine/larcv_test_2500_spine.h5,927,1,4.7391996,2.5
/sdf/data/neutrino/sbnd/spine/prod/mpvmpr_v01/output_spine/larcv_test_2500_spine.h5,927,1,3.3279998,7.5
/sdf/data/neutrino/sbnd/spine/prod/mpvmpr_v01/output_spine/larcv_test_2500_spine.h5,927,1,2.9580004,12.5
/sdf/data/neutrino/sbnd/spine/prod/mpvmpr_v01/output_spine/larcv_test_2500_spine.h5,927,1,2.9411998,17.5
/sdf/data/neutrino/sbnd/spine/prod/mpvmpr_v01/output_spine/larcv_test_2500_spine.h5,927,1,2.3371997,22.5
/sdf/data/neutrino/sbnd/spine/prod/mpvmpr_v01/output_spine/larcv_test_2500_spine.h5,927,1,2.3418741,26.76867
/sdf/data/neutrino/sbnd/spine/prod/mpvmpr_v01/output_spine/larcv_test_2500_spine.h5,984,8,4.3756,2.5
/sdf/data/neutrino/sbnd/spine/prod/mpvmpr_v01/output_spine/larcv_test_2500_spine.h5,984,8,2.8632002,7.5
/sdf/data/neutrino/sbnd/spine/prod/mpvmpr_v01/output_spine/larcv_test_2500_spine.h5,984,8,2.596,12.5
/sdf/data/neutrino/sbnd/spine/prod/mpvmpr_v01/output_spine/larcv_test_2500_spine.h5,984,8,2.4259999,17.5
/sdf/data/neutrino/sbnd/spine/prod/mpvmpr_v01/output_spine/larcv_test_2500_spine.h5,984,8,-1.0,20.221058
/sdf/data/neutrino/sbnd/spine/prod/mpvmpr_v01/output_spine/larcv_test_2500_spine.h5,995,1,4.8716,2.5
/sdf/data/neutrino/sbnd/spine/prod/mpvmpr_v01/output_spine/larcv_test_2500_spine.h5,995,1,2.8948,7.5
/sdf/data/neutrino/sbnd/spine/prod/mpvmpr_v01/output_spine/larcv_test_2500_spine.h5,995,1,2.8844001,12.5
/sdf/data/neutrino/sbnd/spine/prod/mpvmpr_v01/output_spine/larcv_test_2500_spine.h5,995,1,2.2316003,17.5
/sdf/data/neutrino/sbnd/spine/prod/mpvmpr_v01/output_spine/larcv_test_2500_spine.h5,995,1,2.0128,22.5
/sdf/data/neutrino/sbnd/spine/prod/mpvmpr_v01/output_spine/larcv_test_2500_spine.h5,995,1,-1.0,26.566883
/sdf/data/neutrino/sbnd/spine/prod/mpvmpr_v01/output_spine/larcv_test_2500_spine.h5,1017,4,4.3412,2.5
/sdf/data/neutrino/sbnd/spine/prod/mpvmpr_v01/output_spine/larcv_test_2500_spine.h5,1017,4,2.6012003,7.5
/sdf/data/neutrino/sbnd/spine/prod/mpvmpr_v01/output_spine/larcv_test_2500_spine.h5,1017,4,2.3441286,12.243904
/sdf/data/neutrino/sbnd/spine/prod/mpvmpr_v01/output_spine/larcv_test_2500_spine.h5,1045,1,4.7136006,2.5
/sdf/data/neutrino/sbnd/spine/prod/mpvmpr_v01/output_spine/larcv_test_2500_spine.h5,1045,1,3.0456004,7.5
/sdf/data/neutrino/sbnd/spine/prod/mpvmpr_v01/output_spine/larcv_test_2500_spine.h5,1045,1,2.2676,12.5
/sdf/data/neutrino/sbnd/spine/prod/mpvmpr_v01/output_spine/larcv_test_2500_spine.h5,1045,1,2.4928396,16.531988
/sdf/data/neutrino/sbnd/spine/prod/mpvmpr_v01/output_spine/larcv_test_2500_spine.h5,1046,0,5.7484174,2.1318913
/sdf/data/neutrino/sbnd/spine/prod/mpvmpr_v01/output_spine/larcv_test_2500_spine.h5,1062,2,5.1188,2.5
/sdf/data/neutrino/sbnd/spine/prod/mpvmpr_v01/output_spine/larcv_test_2500_spine.h5,1062,2,3.3304,7.5
/sdf/data/neutrino/sbnd/spine/prod/mpvmpr_v01/output_spine/larcv_test_2500_spine.h5,1062,2,2.7892,12.5
/sdf/data/neutrino/sbnd/spine/prod/mpvmpr_v01/output_spine/larcv_test_2500_spine.h5,1062,2,2.7292,17.5
/sdf/data/neutrino/sbnd/spine/prod/mpvmpr_v01/output_spine/larcv_test_2500_spine.h5,1062,2,2.3596003,22.5
/sdf/data/neutrino/sbnd/spine/prod/mpvmpr_v01/output_spine/larcv_test_2500_spine.h5,1062,2,2.2732,27.5
/sdf/data/neutrino/sbnd/spine/prod/mpvmpr_v01/output_spine/larcv_test_2500_spine.h5,1062,2,2.3472002,32.5
/sdf/data/neutrino/sbnd/spine/prod/mpvmpr_v01/output_spine/larcv_test_2500_spine.h5,1062,2,-1.0,35.78432
/sdf/data/neutrino/sbnd/spine/prod/mpvmpr_v01/output_spine/larcv_test_2500_spine.h5,1076,4,4.6392007,2.5
/sdf/data/neutrino/sbnd/spine/prod/mpvmpr_v01/output_spine/larcv_test_2500_spine.h5,1076,4,3.0776,7.5
/sdf/data/neutrino/sbnd/spine/prod/mpvmpr_v01/output_spine/larcv_test_2500_spine.h5,1076,4,-1.0,10.726145
/sdf/data/neutrino/sbnd/spine/prod/mpvmpr_v01/output_spine/larcv_test_2500_spine.h5,1078,0,4.5072002,2.5
/sdf/data/neutrino/sbnd/spine/prod/mpvmpr_v01/output_spine/larcv_test_2500_spine.h5,1078,0,3.3084004,7.5
/sdf/data/neutrino/sbnd/spine/prod/mpvmpr_v01/output_spine/larcv_test_2500_spine.h5,1078,0,2.6495998,12.5
/sdf/data/neutrino/sbnd/spine/prod/mpvmpr_v01/output_spine/larcv_test_2500_spine.h5,1078,0,2.956,17.5
/sdf/data/neutrino/sbnd/spine/prod/mpvmpr_v01/output_spine/larcv_test_2500_spine.h5,1078,0,-1.0,21.612556
/sdf/data/neutrino/sbnd/spine/prod/mpvmpr_v01/output_spine/larcv_test_2500_spine.h5,1102,1,4.9782295,1.4071269
/sdf/data/neutrino/sbnd/spine/prod/mpvmpr_v01/output_spine/larcv_test_2500_spine.h5,1110,4,4.7292,2.5
/sdf/data/neutrino/sbnd/spine/prod/mpvmpr_v01/output_spine/larcv_test_2500_spine.h5,1110,4,3.4513412,6.2861667
/sdf/data/neutrino/sbnd/spine/prod/mpvmpr_v01/output_spine/larcv_test_2500_spine.h5,1117,0,7.3546677,0.75
/sdf/data/neutrino/sbnd/spine/prod/mpvmpr_v01/output_spine/larcv_test_2500_spine.h5,1117,0,4.0024,2.5
/sdf/data/neutrino/sbnd/spine/prod/mpvmpr_v01/output_spine/larcv_test_2500_spine.h5,1117,0,-1.0,5.402176
/sdf/data/neutrino/sbnd/spine/prod/mpvmpr_v01/output_spine/larcv_test_2500_spine.h5,1127,1,5.2968,2.5
/sdf/data/neutrino/sbnd/spine/prod/mpvmpr_v01/output_spine/larcv_test_2500_spine.h5,1127,1,3.4931998,7.5
/sdf/data/neutrino/sbnd/spine/prod/mpvmpr_v01/output_spine/larcv_test_2500_spine.h5,1127,1,2.7806525,11.547479
/sdf/data/neutrino/sbnd/spine/prod/mpvmpr_v01/output_spine/larcv_test_2500_spine.h5,1150,1,4.3668003,2.5
/sdf/data/neutrino/sbnd/spine/prod/mpvmpr_v01/output_spine/larcv_test_2500_spine.h5,1150,1,3.2896004,7.5
/sdf/data/neutrino/sbnd/spine/prod/mpvmpr_v01/output_spine/larcv_test_2500_spine.h5,1150,1,-1.0,10.226749
/sdf/data/neutrino/sbnd/spine/prod/mpvmpr_v01/output_spine/larcv_test_2500_spine.h5,1161,9,-1.0,1.092014
/sdf/data/neutrino/sbnd/spine/prod/mpvmpr_v01/output_spine/larcv_test_2500_spine.h5,1161,9,4.7795997,2.5
/sdf/data/neutrino/sbnd/spine/prod/mpvmpr_v01/output_spine/larcv_test_2500_spine.h5,1161,9,3.2436001,7.5
/sdf/data/neutrino/sbnd/spine/prod/mpvmpr_v01/output_spine/larcv_test_2500_spine.h5,1161,9,2.942,12.5
/sdf/data/neutrino/sbnd/spine/prod/mpvmpr_v01/output_spine/larcv_test_2500_spine.h5,1161,9,2.3412004,17.5
/sdf/data/neutrino/sbnd/spine/prod/mpvmpr_v01/output_spine/larcv_test_2500_spine.h5,1161,9,2.4176002,22.5
/sdf/data/neutrino/sbnd/spine/prod/mpvmpr_v01/output_spine/larcv_test_2500_spine.h5,1161,9,2.3388,27.5
/sdf/data/neutrino/sbnd/spine/prod/mpvmpr_v01/output_spine/larcv_test_2500_spine.h5,1161,9,2.3156006,32.5
/sdf/data/neutrino/sbnd/spine/prod/mpvmpr_v01/output_spine/larcv_test_2500_spine.h5,1161,9,2.3363981,37.01036
/sdf/data/neutrino/sbnd/spine/prod/mpvmpr_v01/output_spine/larcv_test_2500_spine.h5,1178,2,4.7148004,2.5
/sdf/data/neutrino/sbnd/spine/prod/mpvmpr_v01/output_spine/larcv_test_2500_spine.h5,1178,2,3.1384,7.5
/sdf/data/neutrino/sbnd/spine/prod/mpvmpr_v01/output_spine/larcv_test_2500_spine.h5,1178,2,2.6032,12.5
/sdf/data/neutrino/sbnd/spine/prod/mpvmpr_v01/output_spine/larcv_test_2500_spine.h5,1178,2,2.6096,17.5
/sdf/data/neutrino/sbnd/spine/prod/mpvmpr_v01/output_spine/larcv_test_2500_spine.h5,1178,2,-1.0,20.732388
/sdf/data/neutrino/sbnd/spine/prod/mpvmpr_v01/output_spine/larcv_test_2500_spine.h5,1213,4,6.359601,2.5
/sdf/data/neutrino/sbnd/spine/prod/mpvmpr_v01/output_spine/larcv_test_2500_spine.h5,1213,4,3.4416,7.5
/sdf/data/neutrino/sbnd/spine/prod/mpvmpr_v01/output_spine/larcv_test_2500_spine.h5,1213,4,3.809725,11.085381
/sdf/data/neutrino/sbnd/spine/prod/mpvmpr_v01/output_spine/larcv_test_2500_spine.h5,1219,1,-1.0,2.5
/sdf/data/neutrino/sbnd/spine/prod/mpvmpr_v01/output_spine/larcv_test_2500_spine.h5,1219,1,-1.0,7.5
/sdf/data/neutrino/sbnd/spine/prod/mpvmpr_v01/output_spine/larcv_test_2500_spine.h5,1219,1,-1.0,12.5
/sdf/data/neutrino/sbnd/spine/prod/mpvmpr_v01/output_spine/larcv_test_2500_spine.h5,1219,1,1.5996001,17.5
/sdf/data/neutrino/sbnd/spine/prod/mpvmpr_v01/output_spine/larcv_test_2500_spine.h5,1219,1,2.686,22.5
/sdf/data/neutrino/sbnd/spine/prod/mpvmpr_v01/output_spine/larcv_test_2500_spine.h5,1219,1,5.987236,26.841417
/sdf/data/neutrino/sbnd/spine/prod/mpvmpr_v01/output_spine/larcv_test_2500_spine.h5,1252,0,4.8500013,2.5
/sdf/data/neutrino/sbnd/spine/prod/mpvmpr_v01/output_spine/larcv_test_2500_spine.h5,1252,0,3.5679383,7.492196
/sdf/data/neutrino/sbnd/spine/prod/mpvmpr_v01/output_spine/larcv_test_2500_spine.h5,1252,9,4.3328004,2.5
/sdf/data/neutrino/sbnd/spine/prod/mpvmpr_v01/output_spine/larcv_test_2500_spine.h5,1252,9,3.1296003,7.5
/sdf/data/neutrino/sbnd/spine/prod/mpvmpr_v01/output_spine/larcv_test_2500_spine.h5,1252,9,2.9120002,12.5
/sdf/data/neutrino/sbnd/spine/prod/mpvmpr_v01/output_spine/larcv_test_2500_spine.h5,1252,9,3.1260707,15.827876
/sdf/data/neutrino/sbnd/spine/prod/mpvmpr_v01/output_spine/larcv_test_2500_spine.h5,1254,7,2.4072,2.5
/sdf/data/neutrino/sbnd/spine/prod/mpvmpr_v01/output_spine/larcv_test_2500_spine.h5,1254,7,2.3292,7.5
/sdf/data/neutrino/sbnd/spine/prod/mpvmpr_v01/output_spine/larcv_test_2500_spine.h5,1254,7,2.8976002,12.5
/sdf/data/neutrino/sbnd/spine/prod/mpvmpr_v01/output_spine/larcv_test_2500_spine.h5,1254,7,3.3312004,17.5
/sdf/data/neutrino/sbnd/spine/prod/mpvmpr_v01/output_spine/larcv_test_2500_spine.h5,1254,7,5.210854,21.38365
/sdf/data/neutrino/sbnd/spine/prod/mpvmpr_v01/output_spine/larcv_test_2500_spine.h5,1337,10,2.4708,2.5
/sdf/data/neutrino/sbnd/spine/prod/mpvmpr_v01/output_spine/larcv_test_2500_spine.h5,1337,10,2.4867997,7.5
/sdf/data/neutrino/sbnd/spine/prod/mpvmpr_v01/output_spine/larcv_test_2500_spine.h5,1337,10,2.6616006,12.5
/sdf/data/neutrino/sbnd/spine/prod/mpvmpr_v01/output_spine/larcv_test_2500_spine.h5,1337,10,3.2792,17.5
/sdf/data/neutrino/sbnd/spine/prod/mpvmpr_v01/output_spine/larcv_test_2500_spine.h5,1337,10,4.8285623,22.229856
/sdf/data/neutrino/sbnd/spine/prod/mpvmpr_v01/output_spine/larcv_test_2500_spine.h5,1385,3,4.7927523,2.0512223
/sdf/data/neutrino/sbnd/spine/prod/mpvmpr_v01/output_spine/larcv_test_2500_spine.h5,1387,4,4.8976007,2.5
/sdf/data/neutrino/sbnd/spine/prod/mpvmpr_v01/output_spine/larcv_test_2500_spine.h5,1387,4,3.5540001,7.5
/sdf/data/neutrino/sbnd/spine/prod/mpvmpr_v01/output_spine/larcv_test_2500_spine.h5,1387,4,2.6924,12.5
/sdf/data/neutrino/sbnd/spine/prod/mpvmpr_v01/output_spine/larcv_test_2500_spine.h5,1387,4,2.7380004,17.5
/sdf/data/neutrino/sbnd/spine/prod/mpvmpr_v01/output_spine/larcv_test_2500_spine.h5,1387,4,-1.0,20.683126
/sdf/data/neutrino/sbnd/spine/prod/mpvmpr_v01/output_spine/larcv_test_2500_spine.h5,1395,9,4.4792004,2.5
/sdf/data/neutrino/sbnd/spine/prod/mpvmpr_v01/output_spine/larcv_test_2500_spine.h5,1395,9,3.1711004,6.8290186
/sdf/data/neutrino/sbnd/spine/prod/mpvmpr_v01/output_spine/larcv_test_2500_spine.h5,1407,1,4.5136003,2.5
/sdf/data/neutrino/sbnd/spine/prod/mpvmpr_v01/output_spine/larcv_test_2500_spine.h5,1407,1,2.5984,7.5
/sdf/data/neutrino/sbnd/spine/prod/mpvmpr_v01/output_spine/larcv_test_2500_spine.h5,1407,1,3.2520108,10.823183
/sdf/data/neutrino/sbnd/spine/prod/mpvmpr_v01/output_spine/larcv_test_2500_spine.h5,1413,3,4.8699994,2.5
/sdf/data/neutrino/sbnd/spine/prod/mpvmpr_v01/output_spine/larcv_test_2500_spine.h5,1413,3,3.3607998,7.5
/sdf/data/neutrino/sbnd/spine/prod/mpvmpr_v01/output_spine/larcv_test_2500_spine.h5,1413,3,3.2020004,12.5
/sdf/data/neutrino/sbnd/spine/prod/mpvmpr_v01/output_spine/larcv_test_2500_spine.h5,1413,3,2.6252,17.5
/sdf/data/neutrino/sbnd/spine/prod/mpvmpr_v01/output_spine/larcv_test_2500_spine.h5,1413,3,2.685261,21.651236
/sdf/data/neutrino/sbnd/spine/prod/mpvmpr_v01/output_spine/larcv_test_2500_spine.h5,1413,2,5.2957935,1.8371186
/sdf/data/neutrino/sbnd/spine/prod/mpvmpr_v01/output_spine/larcv_test_2500_spine.h5,1447,2,6.984196,1.1521727
/sdf/data/neutrino/sbnd/spine/prod/mpvmpr_v01/output_spine/larcv_test_2500_spine.h5,1461,1,3.7988002,2.5
/sdf/data/neutrino/sbnd/spine/prod/mpvmpr_v01/output_spine/larcv_test_2500_spine.h5,1461,1,-1.0,6.0374527
/sdf/data/neutrino/sbnd/spine/prod/mpvmpr_v01/output_spine/larcv_test_2500_spine.h5,1468,8,4.5644007,2.5
/sdf/data/neutrino/sbnd/spine/prod/mpvmpr_v01/output_spine/larcv_test_2500_spine.h5,1468,8,3.6776001,7.5
/sdf/data/neutrino/sbnd/spine/prod/mpvmpr_v01/output_spine/larcv_test_2500_spine.h5,1468,8,2.9376001,12.5
/sdf/data/neutrino/sbnd/spine/prod/mpvmpr_v01/output_spine/larcv_test_2500_spine.h5,1468,8,2.5100002,17.5
/sdf/data/neutrino/sbnd/spine/prod/mpvmpr_v01/output_spine/larcv_test_2500_spine.h5,1468,8,2.3076003,22.5
/sdf/data/neutrino/sbnd/spine/prod/mpvmpr_v01/output_spine/larcv_test_2500_spine.h5,1468,8,2.4629872,26.488842
/sdf/data/neutrino/sbnd/spine/prod/mpvmpr_v01/output_spine/larcv_test_2500_spine.h5,1514,1,4.0116,2.5
/sdf/data/neutrino/sbnd/spine/prod/mpvmpr_v01/output_spine/larcv_test_2500_spine.h5,1514,1,2.761929,7.295135
/sdf/data/neutrino/sbnd/spine/prod/mpvmpr_v01/output_spine/larcv_test_2500_spine.h5,1552,0,5.0959997,2.5
/sdf/data/neutrino/sbnd/spine/prod/mpvmpr_v01/output_spine/larcv_test_2500_spine.h5,1552,0,4.1735706,6.6003084
/sdf/data/neutrino/sbnd/spine/prod/mpvmpr_v01/output_spine/larcv_test_2500_spine.h5,1566,0,5.347199,2.5
/sdf/data/neutrino/sbnd/spine/prod/mpvmpr_v01/output_spine/larcv_test_2500_spine.h5,1566,0,3.3467994,7.5
/sdf/data/neutrino/sbnd/spine/prod/mpvmpr_v01/output_spine/larcv_test_2500_spine.h5,1566,0,3.3260002,12.5
/sdf/data/neutrino/sbnd/spine/prod/mpvmpr_v01/output_spine/larcv_test_2500_spine.h5,1566,0,-1.0,15.342074
/sdf/data/neutrino/sbnd/spine/prod/mpvmpr_v01/output_spine/larcv_test_2500_spine.h5,1580,3,2.3268,2.5
/sdf/data/neutrino/sbnd/spine/prod/mpvmpr_v01/output_spine/larcv_test_2500_spine.h5,1580,3,3.800791,7.0577297
/sdf/data/neutrino/sbnd/spine/prod/mpvmpr_v01/output_spine/larcv_test_2500_spine.h5,1581,0,5.117296,2.3043416
/sdf/data/neutrino/sbnd/spine/prod/mpvmpr_v01/output_spine/larcv_test_2500_spine.h5,1585,0,4.6920004,2.5
/sdf/data/neutrino/sbnd/spine/prod/mpvmpr_v01/output_spine/larcv_test_2500_spine.h5,1585,0,2.5712,7.5
/sdf/data/neutrino/sbnd/spine/prod/mpvmpr_v01/output_spine/larcv_test_2500_spine.h5,1585,0,2.9880002,12.5
/sdf/data/neutrino/sbnd/spine/prod/mpvmpr_v01/output_spine/larcv_test_2500_spine.h5,1585,0,2.8516002,17.5
/sdf/data/neutrino/sbnd/spine/prod/mpvmpr_v01/output_spine/larcv_test_2500_spine.h5,1585,0,2.828,22.5
/sdf/data/neutrino/sbnd/spine/prod/mpvmpr_v01/output_spine/larcv_test_2500_spine.h5,1585,0,2.5064,27.5
/sdf/data/neutrino/sbnd/spine/prod/mpvmpr_v01/output_spine/larcv_test_2500_spine.h5,1585,0,2.2156,32.5
/sdf/data/neutrino/sbnd/spine/prod/mpvmpr_v01/output_spine/larcv_test_2500_spine.h5,1585,0,2.4336002,37.5
/sdf/data/neutrino/sbnd/spine/prod/mpvmpr_v01/output_spine/larcv_test_2500_spine.h5,1585,0,2.1324,42.5
/sdf/data/neutrino/sbnd/spine/prod/mpvmpr_v01/output_spine/larcv_test_2500_spine.h5,1585,0,2.0671234,46.930702
/sdf/data/neutrino/sbnd/spine/prod/mpvmpr_v01/output_spine/larcv_test_2500_spine.h5,1596,7,5.058,2.5
/sdf/data/neutrino/sbnd/spine/prod/mpvmpr_v01/output_spine/larcv_test_2500_spine.h5,1596,7,-1.0,5.7032933
/sdf/data/neutrino/sbnd/spine/prod/mpvmpr_v01/output_spine/larcv_test_2500_spine.h5,1620,7,5.2808003,2.5
/sdf/data/neutrino/sbnd/spine/prod/mpvmpr_v01/output_spine/larcv_test_2500_spine.h5,1620,7,3.0472002,7.5
/sdf/data/neutrino/sbnd/spine/prod/mpvmpr_v01/output_spine/larcv_test_2500_spine.h5,1620,7,2.9956005,12.5
/sdf/data/neutrino/sbnd/spine/prod/mpvmpr_v01/output_spine/larcv_test_2500_spine.h5,1620,7,2.7036004,17.5
/sdf/data/neutrino/sbnd/spine/prod/mpvmpr_v01/output_spine/larcv_test_2500_spine.h5,1620,7,2.6412003,22.5
/sdf/data/neutrino/sbnd/spine/prod/mpvmpr_v01/output_spine/larcv_test_2500_spine.h5,1620,7,2.332,27.5
/sdf/data/neutrino/sbnd/spine/prod/mpvmpr_v01/output_spine/larcv_test_2500_spine.h5,1620,7,-1.0,30.718363
/sdf/data/neutrino/sbnd/spine/prod/mpvmpr_v01/output_spine/larcv_test_2500_spine.h5,1628,4,3.7368004,2.5
/sdf/data/neutrino/sbnd/spine/prod/mpvmpr_v01/output_spine/larcv_test_2500_spine.h5,1628,4,3.2580001,7.5
/sdf/data/neutrino/sbnd/spine/prod/mpvmpr_v01/output_spine/larcv_test_2500_spine.h5,1628,4,2.5988002,12.5
/sdf/data/neutrino/sbnd/spine/prod/mpvmpr_v01/output_spine/larcv_test_2500_spine.h5,1628,4,2.4512002,17.5
/sdf/data/neutrino/sbnd/spine/prod/mpvmpr_v01/output_spine/larcv_test_2500_spine.h5,1628,4,-1.0,20.593214
/sdf/data/neutrino/sbnd/spine/prod/mpvmpr_v01/output_spine/larcv_test_2500_spine.h5,1635,2,-1.0,1.6224949
/sdf/data/neutrino/sbnd/spine/prod/mpvmpr_v01/output_spine/larcv_test_2500_spine.h5,1635,3,2.5376003,2.5
/sdf/data/neutrino/sbnd/spine/prod/mpvmpr_v01/output_spine/larcv_test_2500_spine.h5,1635,3,2.3324006,7.5
/sdf/data/neutrino/sbnd/spine/prod/mpvmpr_v01/output_spine/larcv_test_2500_spine.h5,1635,3,2.4424005,12.5
/sdf/data/neutrino/sbnd/spine/prod/mpvmpr_v01/output_spine/larcv_test_2500_spine.h5,1635,3,3.2360005,17.5
/sdf/data/neutrino/sbnd/spine/prod/mpvmpr_v01/output_spine/larcv_test_2500_spine.h5,1635,3,4.2952003,22.5
/sdf/data/neutrino/sbnd/spine/prod/mpvmpr_v01/output_spine/larcv_test_2500_spine.h5,1635,3,-1.0,25.61923
/sdf/data/neutrino/sbnd/spine/prod/mpvmpr_v01/output_spine/larcv_test_2500_spine.h5,1658,0,2.4464002,2.5
/sdf/data/neutrino/sbnd/spine/prod/mpvmpr_v01/output_spine/larcv_test_2500_spine.h5,1658,0,3.4348004,7.5
/sdf/data/neutrino/sbnd/spine/prod/mpvmpr_v01/output_spine/larcv_test_2500_spine.h5,1658,0,5.24564,12.256922
/sdf/data/neutrino/sbnd/spine/prod/mpvmpr_v01/output_spine/larcv_test_2500_spine.h5,1662,8,4.6172,2.5
/sdf/data/neutrino/sbnd/spine/prod/mpvmpr_v01/output_spine/larcv_test_2500_spine.h5,1662,8,3.3655999,7.5
/sdf/data/neutrino/sbnd/spine/prod/mpvmpr_v01/output_spine/larcv_test_2500_spine.h5,1662,8,2.8888001,12.5
/sdf/data/neutrino/sbnd/spine/prod/mpvmpr_v01/output_spine/larcv_test_2500_spine.h5,1662,8,2.8636003,17.5
/sdf/data/neutrino/sbnd/spine/prod/mpvmpr_v01/output_spine/larcv_test_2500_spine.h5,1662,8,2.572,22.5
/sdf/data/neutrino/sbnd/spine/prod/mpvmpr_v01/output_spine/larcv_test_2500_spine.h5,1662,8,2.3980002,27.5
/sdf/data/neutrino/sbnd/spine/prod/mpvmpr_v01/output_spine/larcv_test_2500_spine.h5,1662,8,2.5108,32.5
/sdf/data/neutrino/sbnd/spine/prod/mpvmpr_v01/output_spine/larcv_test_2500_spine.h5,1662,8,2.2464,37.5
/sdf/data/neutrino/sbnd/spine/prod/mpvmpr_v01/output_spine/larcv_test_2500_spine.h5,1662,8,2.459375,40.75466
/sdf/data/neutrino/sbnd/spine/prod/mpvmpr_v01/output_spine/larcv_test_2500_spine.h5,1683,7,4.4140005,2.5
/sdf/data/neutrino/sbnd/spine/prod/mpvmpr_v01/output_spine/larcv_test_2500_spine.h5,1683,7,4.295783,6.1557846
/sdf/data/neutrino/sbnd/spine/prod/mpvmpr_v01/output_spine/larcv_test_2500_spine.h5,1704,11,4.186,2.5
/sdf/data/neutrino/sbnd/spine/prod/mpvmpr_v01/output_spine/larcv_test_2500_spine.h5,1704,11,3.2012,7.5
/sdf/data/neutrino/sbnd/spine/prod/mpvmpr_v01/output_spine/larcv_test_2500_spine.h5,1704,11,2.6456,12.5
/sdf/data/neutrino/sbnd/spine/prod/mpvmpr_v01/output_spine/larcv_test_2500_spine.h5,1704,11,2.3096,17.5
/sdf/data/neutrino/sbnd/spine/prod/mpvmpr_v01/output_spine/larcv_test_2500_spine.h5,1704,11,2.8412004,22.5
/sdf/data/neutrino/sbnd/spine/prod/mpvmpr_v01/output_spine/larcv_test_2500_spine.h5,1704,11,2.4204001,27.5
/sdf/data/neutrino/sbnd/spine/prod/mpvmpr_v01/output_spine/larcv_test_2500_spine.h5,1704,11,-1.0,30.154352
/sdf/data/neutrino/sbnd/spine/prod/mpvmpr_v01/output_spine/larcv_test_2500_spine.h5,1714,2,5.0056005,2.5
/sdf/data/neutrino/sbnd/spine/prod/mpvmpr_v01/output_spine/larcv_test_2500_spine.h5,1714,2,3.2788002,7.5
/sdf/data/neutrino/sbnd/spine/prod/mpvmpr_v01/output_spine/larcv_test_2500_spine.h5,1714,2,3.1432002,12.5
/sdf/data/neutrino/sbnd/spine/prod/mpvmpr_v01/output_spine/larcv_test_2500_spine.h5,1714,2,2.3244004,17.5
/sdf/data/neutrino/sbnd/spine/prod/mpvmpr_v01/output_spine/larcv_test_2500_spine.h5,1714,2,2.0972002,22.5
/sdf/data/neutrino/sbnd/spine/prod/mpvmpr_v01/output_spine/larcv_test_2500_spine.h5,1714,2,2.4012003,27.5
/sdf/data/neutrino/sbnd/spine/prod/mpvmpr_v01/output_spine/larcv_test_2500_spine.h5,1714,2,2.2276,32.5
/sdf/data/neutrino/sbnd/spine/prod/mpvmpr_v01/output_spine/larcv_test_2500_spine.h5,1714,2,2.3040004,37.5
/sdf/data/neutrino/sbnd/spine/prod/mpvmpr_v01/output_spine/larcv_test_2500_spine.h5,1714,2,-1.0,41.01371
/sdf/data/neutrino/sbnd/spine/prod/mpvmpr_v01/output_spine/larcv_test_2500_spine.h5,1716,1,1.9248002,2.5
/sdf/data/neutrino/sbnd/spine/prod/mpvmpr_v01/output_spine/larcv_test_2500_spine.h5,1716,1,2.3888001,7.5
/sdf/data/neutrino/sbnd/spine/prod/mpvmpr_v01/output_spine/larcv_test_2500_spine.h5,1716,1,2.5024,12.5
/sdf/data/neutrino/sbnd/spine/prod/mpvmpr_v01/output_spine/larcv_test_2500_spine.h5,1716,1,2.224,17.5
/sdf/data/neutrino/sbnd/spine/prod/mpvmpr_v01/output_spine/larcv_test_2500_spine.h5,1716,1,2.6432,22.5
/sdf/data/neutrino/sbnd/spine/prod/mpvmpr_v01/output_spine/larcv_test_2500_spine.h5,1716,1,2.6024003,27.5
/sdf/data/neutrino/sbnd/spine/prod/mpvmpr_v01/output_spine/larcv_test_2500_spine.h5,1716,1,3.0612004,32.5
/sdf/data/neutrino/sbnd/spine/prod/mpvmpr_v01/output_spine/larcv_test_2500_spine.h5,1716,1,3.466,37.5
/sdf/data/neutrino/sbnd/spine/prod/mpvmpr_v01/output_spine/larcv_test_2500_spine.h5,1716,1,5.18896,41.32878
/sdf/data/neutrino/sbnd/spine/prod/mpvmpr_v01/output_spine/larcv_test_2500_spine.h5,1735,7,4.7136,2.5
/sdf/data/neutrino/sbnd/spine/prod/mpvmpr_v01/output_spine/larcv_test_2500_spine.h5,1735,7,2.9283996,7.5
/sdf/data/neutrino/sbnd/spine/prod/mpvmpr_v01/output_spine/larcv_test_2500_spine.h5,1735,7,2.7480001,12.5
/sdf/data/neutrino/sbnd/spine/prod/mpvmpr_v01/output_spine/larcv_test_2500_spine.h5,1735,7,2.4772,17.5
/sdf/data/neutrino/sbnd/spine/prod/mpvmpr_v01/output_spine/larcv_test_2500_spine.h5,1735,7,-1.0,20.286722
/sdf/data/neutrino/sbnd/spine/prod/mpvmpr_v01/output_spine/larcv_test_2500_spine.h5,1743,9,4.9204006,2.5
/sdf/data/neutrino/sbnd/spine/prod/mpvmpr_v01/output_spine/larcv_test_2500_spine.h5,1743,9,-1.0,5.828756
/sdf/data/neutrino/sbnd/spine/prod/mpvmpr_v01/output_spine/larcv_test_2500_spine.h5,1747,2,5.276,2.5
/sdf/data/neutrino/sbnd/spine/prod/mpvmpr_v01/output_spine/larcv_test_2500_spine.h5,1747,2,3.1952004,7.5
/sdf/data/neutrino/sbnd/spine/prod/mpvmpr_v01/output_spine/larcv_test_2500_spine.h5,1747,2,2.9936004,12.5
/sdf/data/neutrino/sbnd/spine/prod/mpvmpr_v01/output_spine/larcv_test_2500_spine.h5,1747,2,2.4588,17.5
/sdf/data/neutrino/sbnd/spine/prod/mpvmpr_v01/output_spine/larcv_test_2500_spine.h5,1747,2,2.8818116,22.339153
/sdf/data/neutrino/sbnd/spine/prod/mpvmpr_v01/output_spine/larcv_test_2500_spine.h5,1793,1,3.824,2.5
/sdf/data/neutrino/sbnd/spine/prod/mpvmpr_v01/output_spine/larcv_test_2500_spine.h5,1793,1,6.107878,6.088103
/sdf/data/neutrino/sbnd/spine/prod/mpvmpr_v01/output_spine/larcv_test_2500_spine.h5,1829,2,4.5612,2.5
/sdf/data/neutrino/sbnd/spine/prod/mpvmpr_v01/output_spine/larcv_test_2500_spine.h5,1829,2,2.6568,7.5
/sdf/data/neutrino/sbnd/spine/prod/mpvmpr_v01/output_spine/larcv_test_2500_spine.h5,1829,2,2.5052,12.5
/sdf/data/neutrino/sbnd/spine/prod/mpvmpr_v01/output_spine/larcv_test_2500_spine.h5,1829,2,2.4788003,17.5
/sdf/data/neutrino/sbnd/spine/prod/mpvmpr_v01/output_spine/larcv_test_2500_spine.h5,1829,2,2.2036004,22.5
/sdf/data/neutrino/sbnd/spine/prod/mpvmpr_v01/output_spine/larcv_test_2500_spine.h5,1829,2,2.4888003,27.5
/sdf/data/neutrino/sbnd/spine/prod/mpvmpr_v01/output_spine/larcv_test_2500_spine.h5,1829,2,2.1181228,31.180763
/sdf/data/neutrino/sbnd/spine/prod/mpvmpr_v01/output_spine/larcv_test_2500_spine.h5,1830,9,4.2492,2.5
/sdf/data/neutrino/sbnd/spine/prod/mpvmpr_v01/output_spine/larcv_test_2500_spine.h5,1830,9,1.4000001,7.5
/sdf/data/neutrino/sbnd/spine/prod/mpvmpr_v01/output_spine/larcv_test_2500_spine.h5,1830,9,1.5352002,12.5
/sdf/data/neutrino/sbnd/spine/prod/mpvmpr_v01/output_spine/larcv_test_2500_spine.h5,1830,9,2.3399932,16.876928
/sdf/data/neutrino/sbnd/spine/prod/mpvmpr_v01/output_spine/larcv_test_2500_spine.h5,1832,3,4.9984,2.5
/sdf/data/neutrino/sbnd/spine/prod/mpvmpr_v01/output_spine/larcv_test_2500_spine.h5,1832,3,3.2596002,7.5
/sdf/data/neutrino/sbnd/spine/prod/mpvmpr_v01/output_spine/larcv_test_2500_spine.h5,1832,3,2.7915998,12.5
/sdf/data/neutrino/sbnd/spine/prod/mpvmpr_v01/output_spine/larcv_test_2500_spine.h5,1832,3,2.7424004,17.5
/sdf/data/neutrino/sbnd/spine/prod/mpvmpr_v01/output_spine/larcv_test_2500_spine.h5,1832,3,-1.0,21.188547
/sdf/data/neutrino/sbnd/spine/prod/mpvmpr_v01/output_spine/larcv_test_2500_spine.h5,1841,1,4.5603995,2.5
/sdf/data/neutrino/sbnd/spine/prod/mpvmpr_v01/output_spine/larcv_test_2500_spine.h5,1841,1,2.9936004,7.5
/sdf/data/neutrino/sbnd/spine/prod/mpvmpr_v01/output_spine/larcv_test_2500_spine.h5,1841,1,2.7896004,12.5
/sdf/data/neutrino/sbnd/spine/prod/mpvmpr_v01/output_spine/larcv_test_2500_spine.h5,1841,1,2.5936003,17.5
/sdf/data/neutrino/sbnd/spine/prod/mpvmpr_v01/output_spine/larcv_test_2500_spine.h5,1841,1,2.5551999,22.5
/sdf/data/neutrino/sbnd/spine/prod/mpvmpr_v01/output_spine/larcv_test_2500_spine.h5,1841,1,2.2104,27.5
/sdf/data/neutrino/sbnd/spine/prod/mpvmpr_v01/output_spine/larcv_test_2500_spine.h5,1841,1,2.6204,32.5
/sdf/data/neutrino/sbnd/spine/prod/mpvmpr_v01/output_spine/larcv_test_2500_spine.h5,1841,1,1.8908001,37.5
/sdf/data/neutrino/sbnd/spine/prod/mpvmpr_v01/output_spine/larcv_test_2500_spine.h5,1841,1,2.1340003,42.5
/sdf/data/neutrino/sbnd/spine/prod/mpvmpr_v01/output_spine/larcv_test_2500_spine.h5,1841,1,2.7158983,46.463974
/sdf/data/neutrino/sbnd/spine/prod/mpvmpr_v01/output_spine/larcv_test_2500_spine.h5,1872,0,4.972633,1.8493221
/sdf/data/neutrino/sbnd/spine/prod/mpvmpr_v01/output_spine/larcv_test_2500_spine.h5,1894,0,2.5752006,2.5
/sdf/data/neutrino/sbnd/spine/prod/mpvmpr_v01/output_spine/larcv_test_2500_spine.h5,1894,0,2.4224002,7.5
/sdf/data/neutrino/sbnd/spine/prod/mpvmpr_v01/output_spine/larcv_test_2500_spine.h5,1894,0,2.8288,12.5
/sdf/data/neutrino/sbnd/spine/prod/mpvmpr_v01/output_spine/larcv_test_2500_spine.h5,1894,0,1.8308,17.5
/sdf/data/neutrino/sbnd/spine/prod/mpvmpr_v01/output_spine/larcv_test_2500_spine.h5,1894,0,3.7636,22.5
/sdf/data/neutrino/sbnd/spine/prod/mpvmpr_v01/output_spine/larcv_test_2500_spine.h5,1894,0,6.4861717,25.964514
/sdf/data/neutrino/sbnd/spine/prod/mpvmpr_v01/output_spine/larcv_test_2500_spine.h5,1906,12,3.438467,1.949997
/sdf/data/neutrino/sbnd/spine/prod/mpvmpr_v01/output_spine/larcv_test_2500_spine.h5,1917,2,4.8224006,2.5
/sdf/data/neutrino/sbnd/spine/prod/mpvmpr_v01/output_spine/larcv_test_2500_spine.h5,1917,2,3.3152,7.5
/sdf/data/neutrino/sbnd/spine/prod/mpvmpr_v01/output_spine/larcv_test_2500_spine.h5,1917,2,2.9152002,12.5
/sdf/data/neutrino/sbnd/spine/prod/mpvmpr_v01/output_spine/larcv_test_2500_spine.h5,1917,2,2.894308,16.190613
/sdf/data/neutrino/sbnd/spine/prod/mpvmpr_v01/output_spine/larcv_test_2500_spine.h5,1930,0,4.668401,2.5
/sdf/data/neutrino/sbnd/spine/prod/mpvmpr_v01/output_spine/larcv_test_2500_spine.h5,1930,0,3.3516002,7.5
/sdf/data/neutrino/sbnd/spine/prod/mpvmpr_v01/output_spine/larcv_test_2500_spine.h5,1930,0,3.0386477,11.189345
/sdf/data/neutrino/sbnd/spine/prod/mpvmpr_v01/output_spine/larcv_test_2500_spine.h5,1946,9,4.7948003,2.5
/sdf/data/neutrino/sbnd/spine/prod/mpvmpr_v01/output_spine/larcv_test_2500_spine.h5,1946,9,3.3132,7.5
/sdf/data/neutrino/sbnd/spine/prod/mpvmpr_v01/output_spine/larcv_test_2500_spine.h5,1946,9,2.9609,12.140227
/sdf/data/neutrino/sbnd/spine/prod/mpvmpr_v01/output_spine/larcv_test_2500_spine.h5,1966,1,4.1575994,2.5
/sdf/data/neutrino/sbnd/spine/prod/mpvmpr_v01/output_spine/larcv_test_2500_spine.h5,1966,1,3.2584004,7.5
/sdf/data/neutrino/sbnd/spine/prod/mpvmpr_v01/output_spine/larcv_test_2500_spine.h5,1966,1,2.9448006,12.5
/sdf/data/neutrino/sbnd/spine/prod/mpvmpr_v01/output_spine/larcv_test_2500_spine.h5,1966,1,-1.0,15.861609
/sdf/data/neutrino/sbnd/spine/prod/mpvmpr_v01/output_spine/larcv_test_2500_spine.h5,1971,6,4.7707996,2.5
/sdf/data/neutrino/sbnd/spine/prod/mpvmpr_v01/output_spine/larcv_test_2500_spine.h5,1971,6,3.4232504,6.691083
/sdf/data/neutrino/sbnd/spine/prod/mpvmpr_v01/output_spine/larcv_test_2500_spine.h5,1981,2,4.6344,2.5
/sdf/data/neutrino/sbnd/spine/prod/mpvmpr_v01/output_spine/larcv_test_2500_spine.h5,1981,2,3.2628002,7.5
/sdf/data/neutrino/sbnd/spine/prod/mpvmpr_v01/output_spine/larcv_test_2500_spine.h5,1981,2,2.8595996,12.5
/sdf/data/neutrino/sbnd/spine/prod/mpvmpr_v01/output_spine/larcv_test_2500_spine.h5,1981,2,2.7184002,17.5
/sdf/data/neutrino/sbnd/spine/prod/mpvmpr_v01/output_spine/larcv_test_2500_spine.h5,1981,2,2.514,22.5
/sdf/data/neutrino/sbnd/spine/prod/mpvmpr_v01/output_spine/larcv_test_2500_spine.h5,1981,2,2.7433436,26.739847
/sdf/data/neutrino/sbnd/spine/prod/mpvmpr_v01/output_spine/larcv_test_2500_spine.h5,1986,1,5.0036,2.5
/sdf/data/neutrino/sbnd/spine/prod/mpvmpr_v01/output_spine/larcv_test_2500_spine.h5,1986,1,2.9048004,7.5
/sdf/data/neutrino/sbnd/spine/prod/mpvmpr_v01/output_spine/larcv_test_2500_spine.h5,1986,1,-1.0,12.5
/sdf/data/neutrino/sbnd/spine/prod/mpvmpr_v01/output_spine/larcv_test_2500_spine.h5,1986,1,2.4428,17.5
/sdf/data/neutrino/sbnd/spine/prod/mpvmpr_v01/output_spine/larcv_test_2500_spine.h5,1986,1,-1.0,20.054752
/sdf/data/neutrino/sbnd/spine/prod/mpvmpr_v01/output_spine/larcv_test_2500_spine.h5,2027,3,-1.0,0.54083824
/sdf/data/neutrino/sbnd/spine/prod/mpvmpr_v01/output_spine/larcv_test_2500_spine.h5,2028,8,4.7616005,2.5
/sdf/data/neutrino/sbnd/spine/prod/mpvmpr_v01/output_spine/larcv_test_2500_spine.h5,2028,8,3.0420003,7.5
/sdf/data/neutrino/sbnd/spine/prod/mpvmpr_v01/output_spine/larcv_test_2500_spine.h5,2028,8,2.8504004,12.5
/sdf/data/neutrino/sbnd/spine/prod/mpvmpr_v01/output_spine/larcv_test_2500_spine.h5,2028,8,2.5616,17.5
/sdf/data/neutrino/sbnd/spine/prod/mpvmpr_v01/output_spine/larcv_test_2500_spine.h5,2028,8,2.3012004,22.5
/sdf/data/neutrino/sbnd/spine/prod/mpvmpr_v01/output_spine/larcv_test_2500_spine.h5,2028,8,2.3908,27.5
/sdf/data/neutrino/sbnd/spine/prod/mpvmpr_v01/output_spine/larcv_test_2500_spine.h5,2028,8,1.9984,32.5
/sdf/data/neutrino/sbnd/spine/prod/mpvmpr_v01/output_spine/larcv_test_2500_spine.h5,2028,8,2.2540002,37.5
/sdf/data/neutrino/sbnd/spine/prod/mpvmpr_v01/output_spine/larcv_test_2500_spine.h5,2028,8,2.098,42.5
/sdf/data/neutrino/sbnd/spine/prod/mpvmpr_v01/output_spine/larcv_test_2500_spine.h5,2028,8,2.3164,47.5
/sdf/data/neutrino/sbnd/spine/prod/mpvmpr_v01/output_spine/larcv_test_2500_spine.h5,2028,8,2.4028,52.5
/sdf/data/neutrino/sbnd/spine/prod/mpvmpr_v01/output_spine/larcv_test_2500_spine.h5,2028,8,2.0088,57.5
/sdf/data/neutrino/sbnd/spine/prod/mpvmpr_v01/output_spine/larcv_test_2500_spine.h5,2028,8,2.038,62.5
/sdf/data/neutrino/sbnd/spine/prod/mpvmpr_v01/output_spine/larcv_test_2500_spine.h5,2028,8,2.2684002,67.5
/sdf/data/neutrino/sbnd/spine/prod/mpvmpr_v01/output_spine/larcv_test_2500_spine.h5,2028,8,1.9563413,71.85602
/sdf/data/neutrino/sbnd/spine/prod/mpvmpr_v01/output_spine/larcv_test_2500_spine.h5,2075,1,4.8136,2.5
/sdf/data/neutrino/sbnd/spine/prod/mpvmpr_v01/output_spine/larcv_test_2500_spine.h5,2075,1,3.2560005,7.5
/sdf/data/neutrino/sbnd/spine/prod/mpvmpr_v01/output_spine/larcv_test_2500_spine.h5,2075,1,2.5011678,11.590457
/sdf/data/neutrino/sbnd/spine/prod/mpvmpr_v01/output_spine/larcv_test_2500_spine.h5,2079,2,4.5616,2.5
/sdf/data/neutrino/sbnd/spine/prod/mpvmpr_v01/output_spine/larcv_test_2500_spine.h5,2079,2,3.1260004,7.5
/sdf/data/neutrino/sbnd/spine/prod/mpvmpr_v01/output_spine/larcv_test_2500_spine.h5,2079,2,2.8820002,12.5
/sdf/data/neutrino/sbnd/spine/prod/mpvmpr_v01/output_spine/larcv_test_2500_spine.h5,2079,2,2.652523,16.546076
/sdf/data/neutrino/sbnd/spine/prod/mpvmpr_v01/output_spine/larcv_test_2500_spine.h5,2090,8,5.5125937,1.2816108
/sdf/data/neutrino/sbnd/spine/prod/mpvmpr_v01/output_spine/larcv_test_2500_spine.h5,2110,1,4.8636007,2.5
/sdf/data/neutrino/sbnd/spine/prod/mpvmpr_v01/output_spine/larcv_test_2500_spine.h5,2110,1,3.4464002,7.5
/sdf/data/neutrino/sbnd/spine/prod/mpvmpr_v01/output_spine/larcv_test_2500_spine.h5,2110,1,2.7823997,12.5
/sdf/data/neutrino/sbnd/spine/prod/mpvmpr_v01/output_spine/larcv_test_2500_spine.h5,2110,1,2.6044002,17.5
/sdf/data/neutrino/sbnd/spine/prod/mpvmpr_v01/output_spine/larcv_test_2500_spine.h5,2110,1,3.232791,21.172981
/sdf/data/neutrino/sbnd/spine/prod/mpvmpr_v01/output_spine/larcv_test_2500_spine.h5,2146,0,6.572279,1.6294197
/sdf/data/neutrino/sbnd/spine/prod/mpvmpr_v01/output_spine/larcv_test_2500_spine.h5,2153,0,4.7952,2.5
/sdf/data/neutrino/sbnd/spine/prod/mpvmpr_v01/output_spine/larcv_test_2500_spine.h5,2153,0,3.1936002,7.5
/sdf/data/neutrino/sbnd/spine/prod/mpvmpr_v01/output_spine/larcv_test_2500_spine.h5,2153,0,-1.0,10.592606
/sdf/data/neutrino/sbnd/spine/prod/mpvmpr_v01/output_spine/larcv_test_2500_spine.h5,2155,8,4.8464003,2.5
/sdf/data/neutrino/sbnd/spine/prod/mpvmpr_v01/output_spine/larcv_test_2500_spine.h5,2155,8,3.280855,6.529784
/sdf/data/neutrino/sbnd/spine/prod/mpvmpr_v01/output_spine/larcv_test_2500_spine.h5,2169,1,4.4548,2.5
/sdf/data/neutrino/sbnd/spine/prod/mpvmpr_v01/output_spine/larcv_test_2500_spine.h5,2169,1,3.2028,7.5
/sdf/data/neutrino/sbnd/spine/prod/mpvmpr_v01/output_spine/larcv_test_2500_spine.h5,2169,1,2.582,12.5
/sdf/data/neutrino/sbnd/spine/prod/mpvmpr_v01/output_spine/larcv_test_2500_spine.h5,2169,1,2.2636003,17.5
/sdf/data/neutrino/sbnd/spine/prod/mpvmpr_v01/output_spine/larcv_test_2500_spine.h5,2169,1,2.5856004,22.5
/sdf/data/neutrino/sbnd/spine/prod/mpvmpr_v01/output_spine/larcv_test_2500_spine.h5,2169,1,1.9188004,27.5
/sdf/data/neutrino/sbnd/spine/prod/mpvmpr_v01/output_spine/larcv_test_2500_spine.h5,2169,1,-1.0,30.190075
/sdf/data/neutrino/sbnd/spine/prod/mpvmpr_v01/output_spine/larcv_test_2500_spine.h5,2171,10,6.1090884,0.9836165
/sdf/data/neutrino/sbnd/spine/prod/mpvmpr_v01/output_spine/larcv_test_2500_spine.h5,2173,1,5.771406,1.0500041
/sdf/data/neutrino/sbnd/spine/prod/mpvmpr_v01/output_spine/larcv_test_2500_spine.h5,2174,5,4.5796,2.5
/sdf/data/neutrino/sbnd/spine/prod/mpvmpr_v01/output_spine/larcv_test_2500_spine.h5,2174,5,2.6717875,7.0432014
/sdf/data/neutrino/sbnd/spine/prod/mpvmpr_v01/output_spine/larcv_test_2500_spine.h5,2181,3,3.8447788,1.0499954
/sdf/data/neutrino/sbnd/spine/prod/mpvmpr_v01/output_spine/larcv_test_2500_spine.h5,2182,3,5.1828,2.5
/sdf/data/neutrino/sbnd/spine/prod/mpvmpr_v01/output_spine/larcv_test_2500_spine.h5,2182,3,3.37902,6.773591
/sdf/data/neutrino/sbnd/spine/prod/mpvmpr_v01/output_spine/larcv_test_2500_spine.h5,2187,1,-1.0,0.33541018
/sdf/data/neutrino/sbnd/spine/prod/mpvmpr_v01/output_spine/larcv_test_2500_spine.h5,2197,8,4.6508007,2.5
/sdf/data/neutrino/sbnd/spine/prod/mpvmpr_v01/output_spine/larcv_test_2500_spine.h5,2197,8,-1.0,6.0780334
/sdf/data/neutrino/sbnd/spine/prod/mpvmpr_v01/output_spine/larcv_test_2500_spine.h5,2239,2,4.584,2.5
/sdf/data/neutrino/sbnd/spine/prod/mpvmpr_v01/output_spine/larcv_test_2500_spine.h5,2239,2,3.2064574,7.004081
/sdf/data/neutrino/sbnd/spine/prod/mpvmpr_v01/output_spine/larcv_test_2500_spine.h5,2247,2,5.1140003,2.5
/sdf/data/neutrino/sbnd/spine/prod/mpvmpr_v01/output_spine/larcv_test_2500_spine.h5,2247,2,2.9211183,6.528867
/sdf/data/neutrino/sbnd/spine/prod/mpvmpr_v01/output_spine/larcv_test_2500_spine.h5,2252,4,4.8459997,2.5
/sdf/data/neutrino/sbnd/spine/prod/mpvmpr_v01/output_spine/larcv_test_2500_spine.h5,2252,4,-1.0,5.7044897
/sdf/data/neutrino/sbnd/spine/prod/mpvmpr_v01/output_spine/larcv_test_2500_spine.h5,2280,3,5.0184007,2.5
/sdf/data/neutrino/sbnd/spine/prod/mpvmpr_v01/output_spine/larcv_test_2500_spine.h5,2280,3,3.2627087,5.9881363
/sdf/data/neutrino/sbnd/spine/prod/mpvmpr_v01/output_spine/larcv_test_2500_spine.h5,2299,0,4.4504004,2.5
/sdf/data/neutrino/sbnd/spine/prod/mpvmpr_v01/output_spine/larcv_test_2500_spine.h5,2299,0,3.0272002,7.5
/sdf/data/neutrino/sbnd/spine/prod/mpvmpr_v01/output_spine/larcv_test_2500_spine.h5,2299,0,2.4627998,12.5
/sdf/data/neutrino/sbnd/spine/prod/mpvmpr_v01/output_spine/larcv_test_2500_spine.h5,2299,0,2.6584,17.5
/sdf/data/neutrino/sbnd/spine/prod/mpvmpr_v01/output_spine/larcv_test_2500_spine.h5,2299,0,2.2158864,21.149427
/sdf/data/neutrino/sbnd/spine/prod/mpvmpr_v01/output_spine/larcv_test_2500_spine.h5,2300,0,4.7311997,2.5
/sdf/data/neutrino/sbnd/spine/prod/mpvmpr_v01/output_spine/larcv_test_2500_spine.h5,2300,0,3.3435605,7.142028
/sdf/data/neutrino/sbnd/spine/prod/mpvmpr_v01/output_spine/larcv_test_2500_spine.h5,2323,0,4.954,2.5
/sdf/data/neutrino/sbnd/spine/prod/mpvmpr_v01/output_spine/larcv_test_2500_spine.h5,2323,0,3.4016,7.5
/sdf/data/neutrino/sbnd/spine/prod/mpvmpr_v01/output_spine/larcv_test_2500_spine.h5,2323,0,2.9408002,12.5
/sdf/data/neutrino/sbnd/spine/prod/mpvmpr_v01/output_spine/larcv_test_2500_spine.h5,2323,0,-1.0,15.647691
/sdf/data/neutrino/sbnd/spine/prod/mpvmpr_v01/output_spine/larcv_test_2500_spine.h5,2324,0,4.6128006,2.5
/sdf/data/neutrino/sbnd/spine/prod/mpvmpr_v01/output_spine/larcv_test_2500_spine.h5,2324,0,3.2764,7.5
/sdf/data/neutrino/sbnd/spine/prod/mpvmpr_v01/output_spine/larcv_test_2500_spine.h5,2324,0,2.8431997,12.5
/sdf/data/neutrino/sbnd/spine/prod/mpvmpr_v01/output_spine/larcv_test_2500_spine.h5,2324,0,2.4668002,17.5
/sdf/data/neutrino/sbnd/spine/prod/mpvmpr_v01/output_spine/larcv_test_2500_spine.h5,2324,0,2.4578922,22.364628
/sdf/data/neutrino/sbnd/spine/prod/mpvmpr_v01/output_spine/larcv_test_2500_spine.h5,2330,10,5.170001,2.5
/sdf/data/neutrino/sbnd/spine/prod/mpvmpr_v01/output_spine/larcv_test_2500_spine.h5,2330,10,3.1892002,7.5
/sdf/data/neutrino/sbnd/spine/prod/mpvmpr_v01/output_spine/larcv_test_2500_spine.h5,2330,10,2.9278712,12.493621
/sdf/data/neutrino/sbnd/spine/prod/mpvmpr_v01/output_spine/larcv_test_2500_spine.h5,2368,3,4.7956,2.5
/sdf/data/neutrino/sbnd/spine/prod/mpvmpr_v01/output_spine/larcv_test_2500_spine.h5,2368,3,3.2984002,7.5
/sdf/data/neutrino/sbnd/spine/prod/mpvmpr_v01/output_spine/larcv_test_2500_spine.h5,2368,3,2.6932003,12.5
/sdf/data/neutrino/sbnd/spine/prod/mpvmpr_v01/output_spine/larcv_test_2500_spine.h5,2368,3,2.8516004,17.5
/sdf/data/neutrino/sbnd/spine/prod/mpvmpr_v01/output_spine/larcv_test_2500_spine.h5,2368,3,1.9420002,22.5
/sdf/data/neutrino/sbnd/spine/prod/mpvmpr_v01/output_spine/larcv_test_2500_spine.h5,2368,3,-1.0,26.761103
/sdf/data/neutrino/sbnd/spine/prod/mpvmpr_v01/output_spine/larcv_test_2500_spine.h5,2369,3,4.4571996,2.5
/sdf/data/neutrino/sbnd/spine/prod/mpvmpr_v01/output_spine/larcv_test_2500_spine.h5,2369,3,3.0416002,7.5
/sdf/data/neutrino/sbnd/spine/prod/mpvmpr_v01/output_spine/larcv_test_2500_spine.h5,2369,3,2.7776005,12.5
/sdf/data/neutrino/sbnd/spine/prod/mpvmpr_v01/output_spine/larcv_test_2500_spine.h5,2369,3,2.724,17.5
/sdf/data/neutrino/sbnd/spine/prod/mpvmpr_v01/output_spine/larcv_test_2500_spine.h5,2369,3,2.3555999,22.5
/sdf/data/neutrino/sbnd/spine/prod/mpvmpr_v01/output_spine/larcv_test_2500_spine.h5,2369,3,2.5035996,27.5
/sdf/data/neutrino/sbnd/spine/prod/mpvmpr_v01/output_spine/larcv_test_2500_spine.h5,2369,3,2.0628,32.5
/sdf/data/neutrino/sbnd/spine/prod/mpvmpr_v01/output_spine/larcv_test_2500_spine.h5,2369,3,2.0392003,37.5
/sdf/data/neutrino/sbnd/spine/prod/mpvmpr_v01/output_spine/larcv_test_2500_spine.h5,2369,3,1.9603603,41.20692
/sdf/data/neutrino/sbnd/spine/prod/mpvmpr_v01/output_spine/larcv_test_2500_spine.h5,2374,2,2.4622862,1.2459966
/sdf/data/neutrino/sbnd/spine/prod/mpvmpr_v01/output_spine/larcv_test_2500_spine.h5,2413,8,5.3060007,2.5
/sdf/data/neutrino/sbnd/spine/prod/mpvmpr_v01/output_spine/larcv_test_2500_spine.h5,2413,8,3.6687658,6.704388
/sdf/data/neutrino/sbnd/spine/prod/mpvmpr_v01/output_spine/larcv_test_2500_spine.h5,2417,3,5.0603995,2.5
/sdf/data/neutrino/sbnd/spine/prod/mpvmpr_v01/output_spine/larcv_test_2500_spine.h5,2417,3,3.4732006,7.5
/sdf/data/neutrino/sbnd/spine/prod/mpvmpr_v01/output_spine/larcv_test_2500_spine.h5,2417,3,3.5657353,11.948266
/sdf/data/neutrino/sbnd/spine/prod/mpvmpr_v01/output_spine/larcv_test_2500_spine.h5,2431,8,2.6444001,2.5
/sdf/data/neutrino/sbnd/spine/prod/mpvmpr_v01/output_spine/larcv_test_2500_spine.h5,2431,8,3.3416,7.5
/sdf/data/neutrino/sbnd/spine/prod/mpvmpr_v01/output_spine/larcv_test_2500_spine.h5,2431,8,4.734769,11.712439
/sdf/data/neutrino/sbnd/spine/prod/mpvmpr_v01/output_spine/larcv_test_2500_spine.h5,2433,10,5.3863997,2.5
/sdf/data/neutrino/sbnd/spine/prod/mpvmpr_v01/output_spine/larcv_test_2500_spine.h5,2433,10,3.7346413,6.02714
/sdf/data/neutrino/sbnd/spine/prod/mpvmpr_v01/output_spine/larcv_test_2500_spine.h5,2435,10,4.9144,2.5
/sdf/data/neutrino/sbnd/spine/prod/mpvmpr_v01/output_spine/larcv_test_2500_spine.h5,2435,10,3.5157,6.255226
/sdf/data/neutrino/sbnd/spine/prod/mpvmpr_v01/output_spine/larcv_test_2500_spine.h5,2469,1,5.5288,2.5
/sdf/data/neutrino/sbnd/spine/prod/mpvmpr_v01/output_spine/larcv_test_2500_spine.h5,2469,1,3.3188004,7.5
/sdf/data/neutrino/sbnd/spine/prod/mpvmpr_v01/output_spine/larcv_test_2500_spine.h5,2469,1,2.8952,12.5
/sdf/data/neutrino/sbnd/spine/prod/mpvmpr_v01/output_spine/larcv_test_2500_spine.h5,2469,1,3.0440001,17.5
/sdf/data/neutrino/sbnd/spine/prod/mpvmpr_v01/output_spine/larcv_test_2500_spine.h5,2469,1,2.6248,22.5
/sdf/data/neutrino/sbnd/spine/prod/mpvmpr_v01/output_spine/larcv_test_2500_spine.h5,2469,1,2.5204,27.5
/sdf/data/neutrino/sbnd/spine/prod/mpvmpr_v01/output_spine/larcv_test_2500_spine.h5,2469,1,2.5604,32.5
/sdf/data/neutrino/sbnd/spine/prod/mpvmpr_v01/output_spine/larcv_test_2500_spine.h5,2469,1,2.2993486,37.175835
/sdf/data/neutrino/sbnd/spine/prod/mpvmpr_v01/output_spine/larcv_test_2500_spine.h5,2503,4,8.018936,1.102266
/sdf/data/neutrino/sbnd/spine/prod/mpvmpr_v01/output_spine/larcv_test_2500_spine.h5,2503,4,-1.0,1.272798
/sdf/data/neutrino/sbnd/spine/prod/mpvmpr_v01/output_spine/larcv_test_2500_spine.h5,2507,7,4.6480007,2.5
/sdf/data/neutrino/sbnd/spine/prod/mpvmpr_v01/output_spine/larcv_test_2500_spine.h5,2507,7,3.0696003,7.5
/sdf/data/neutrino/sbnd/spine/prod/mpvmpr_v01/output_spine/larcv_test_2500_spine.h5,2507,7,2.8460002,12.5
/sdf/data/neutrino/sbnd/spine/prod/mpvmpr_v01/output_spine/larcv_test_2500_spine.h5,2507,7,2.217652,16.766283
/sdf/data/neutrino/sbnd/spine/prod/mpvmpr_v01/output_spine/larcv_test_2500_spine.h5,2520,8,4.6384,2.5
/sdf/data/neutrino/sbnd/spine/prod/mpvmpr_v01/output_spine/larcv_test_2500_spine.h5,2520,8,3.4016004,7.5
/sdf/data/neutrino/sbnd/spine/prod/mpvmpr_v01/output_spine/larcv_test_2500_spine.h5,2520,8,2.6348,12.5
/sdf/data/neutrino/sbnd/spine/prod/mpvmpr_v01/output_spine/larcv_test_2500_spine.h5,2520,8,2.2412002,17.5
/sdf/data/neutrino/sbnd/spine/prod/mpvmpr_v01/output_spine/larcv_test_2500_spine.h5,2520,8,2.7857902,20.890232
/sdf/data/neutrino/sbnd/spine/prod/mpvmpr_v01/output_spine/larcv_test_2500_spine.h5,2521,8,5.2151995,2.5
/sdf/data/neutrino/sbnd/spine/prod/mpvmpr_v01/output_spine/larcv_test_2500_spine.h5,2521,8,3.3896003,7.5
/sdf/data/neutrino/sbnd/spine/prod/mpvmpr_v01/output_spine/larcv_test_2500_spine.h5,2521,8,-1.0,10.870888
/sdf/data/neutrino/sbnd/spine/prod/mpvmpr_v01/output_spine/larcv_test_2500_spine.h5,2551,8,6.6993666,0.6873784
/sdf/data/neutrino/sbnd/spine/prod/mpvmpr_v01/output_spine/larcv_test_2500_spine.h5,2560,1,2.8524003,2.5
/sdf/data/neutrino/sbnd/spine/prod/mpvmpr_v01/output_spine/larcv_test_2500_spine.h5,2560,1,2.4392,7.5
/sdf/data/neutrino/sbnd/spine/prod/mpvmpr_v01/output_spine/larcv_test_2500_spine.h5,2560,1,2.5748003,12.5
/sdf/data/neutrino/sbnd/spine/prod/mpvmpr_v01/output_spine/larcv_test_2500_spine.h5,2560,1,2.6876,17.5
/sdf/data/neutrino/sbnd/spine/prod/mpvmpr_v01/output_spine/larcv_test_2500_spine.h5,2560,1,2.7608,22.5
/sdf/data/neutrino/sbnd/spine/prod/mpvmpr_v01/output_spine/larcv_test_2500_spine.h5,2560,1,2.9168003,27.5
/sdf/data/neutrino/sbnd/spine/prod/mpvmpr_v01/output_spine/larcv_test_2500_spine.h5,2560,1,3.6632004,32.5
/sdf/data/neutrino/sbnd/spine/prod/mpvmpr_v01/output_spine/larcv_test_2500_spine.h5,2560,1,8.130588,36.15256
/sdf/data/neutrino/sbnd/spine/prod/mpvmpr_v01/output_spine/larcv_test_2500_spine.h5,2568,1,4.8336,2.5
/sdf/data/neutrino/sbnd/spine/prod/mpvmpr_v01/output_spine/larcv_test_2500_spine.h5,2568,1,3.5800004,7.5
/sdf/data/neutrino/sbnd/spine/prod/mpvmpr_v01/output_spine/larcv_test_2500_spine.h5,2568,1,-1.0,10.83865
/sdf/data/neutrino/sbnd/spine/prod/mpvmpr_v01/output_spine/larcv_test_2500_spine.h5,2574,1,5.004,2.5
/sdf/data/neutrino/sbnd/spine/prod/mpvmpr_v01/output_spine/larcv_test_2500_spine.h5,2574,1,3.4492004,7.5
/sdf/data/neutrino/sbnd/spine/prod/mpvmpr_v01/output_spine/larcv_test_2500_spine.h5,2574,1,2.7944,12.5
/sdf/data/neutrino/sbnd/spine/prod/mpvmpr_v01/output_spine/larcv_test_2500_spine.h5,2574,1,2.3448002,17.5
/sdf/data/neutrino/sbnd/spine/prod/mpvmpr_v01/output_spine/larcv_test_2500_spine.h5,2574,1,2.4488003,22.5
/sdf/data/neutrino/sbnd/spine/prod/mpvmpr_v01/output_spine/larcv_test_2500_spine.h5,2574,1,2.1820004,27.5
/sdf/data/neutrino/sbnd/spine/prod/mpvmpr_v01/output_spine/larcv_test_2500_spine.h5,2574,1,2.5967999,32.5
/sdf/data/neutrino/sbnd/spine/prod/mpvmpr_v01/output_spine/larcv_test_2500_spine.h5,2574,1,1.9652001,37.5
/sdf/data/neutrino/sbnd/spine/prod/mpvmpr_v01/output_spine/larcv_test_2500_spine.h5,2574,1,2.2164001,42.5
/sdf/data/neutrino/sbnd/spine/prod/mpvmpr_v01/output_spine/larcv_test_2500_spine.h5,2574,1,2.3272002,47.5
/sdf/data/neutrino/sbnd/spine/prod/mpvmpr_v01/output_spine/larcv_test_2500_spine.h5,2574,1,2.246,52.5
/sdf/data/neutrino/sbnd/spine/prod/mpvmpr_v01/output_spine/larcv_test_2500_spine.h5,2574,1,2.1292,57.5
/sdf/data/neutrino/sbnd/spine/prod/mpvmpr_v01/output_spine/larcv_test_2500_spine.h5,2574,1,2.6511996,61.387295
/sdf/data/neutrino/sbnd/spine/prod/mpvmpr_v01/output_spine/larcv_test_2500_spine.h5,2575,3,2.3711138,0.899999
/sdf/data/neutrino/sbnd/spine/prod/mpvmpr_v01/output_spine/larcv_test_2500_spine.h5,2620,1,4.9747996,2.5
/sdf/data/neutrino/sbnd/spine/prod/mpvmpr_v01/output_spine/larcv_test_2500_spine.h5,2620,1,4.233068,6.2033825
/sdf/data/neutrino/sbnd/spine/prod/mpvmpr_v01/output_spine/larcv_test_2500_spine.h5,2621,1,5.474628,1.736374
/sdf/data/neutrino/sbnd/spine/prod/mpvmpr_v01/output_spine/larcv_test_2500_spine.h5,2694,7,3.6025753,1.1810995
/sdf/data/neutrino/sbnd/spine/prod/mpvmpr_v01/output_spine/larcv_test_2500_spine.h5,2725,9,5.2524004,2.5
/sdf/data/neutrino/sbnd/spine/prod/mpvmpr_v01/output_spine/larcv_test_2500_spine.h5,2725,9,3.7066014,7.487724
/sdf/data/neutrino/sbnd/spine/prod/mpvmpr_v01/output_spine/larcv_test_2500_spine.h5,2747,6,4.5856004,2.5
/sdf/data/neutrino/sbnd/spine/prod/mpvmpr_v01/output_spine/larcv_test_2500_spine.h5,2747,6,3.3840008,7.5
/sdf/data/neutrino/sbnd/spine/prod/mpvmpr_v01/output_spine/larcv_test_2500_spine.h5,2747,6,2.76,12.5
/sdf/data/neutrino/sbnd/spine/prod/mpvmpr_v01/output_spine/larcv_test_2500_spine.h5,2747,6,2.4035854,16.991192
/sdf/data/neutrino/sbnd/spine/prod/mpvmpr_v01/output_spine/larcv_test_2500_spine.h5,2748,1,5.1964006,2.5
/sdf/data/neutrino/sbnd/spine/prod/mpvmpr_v01/output_spine/larcv_test_2500_spine.h5,2748,1,-1.0,5.1790442
/sdf/data/neutrino/sbnd/spine/prod/mpvmpr_v01/output_spine/larcv_test_2500_spine.h5,2752,2,4.8692007,2.5
/sdf/data/neutrino/sbnd/spine/prod/mpvmpr_v01/output_spine/larcv_test_2500_spine.h5,2752,2,3.4127998,7.5
/sdf/data/neutrino/sbnd/spine/prod/mpvmpr_v01/output_spine/larcv_test_2500_spine.h5,2752,2,2.6444001,12.5
/sdf/data/neutrino/sbnd/spine/prod/mpvmpr_v01/output_spine/larcv_test_2500_spine.h5,2752,2,2.3992,17.5
/sdf/data/neutrino/sbnd/spine/prod/mpvmpr_v01/output_spine/larcv_test_2500_spine.h5,2752,2,2.3040001,22.5
/sdf/data/neutrino/sbnd/spine/prod/mpvmpr_v01/output_spine/larcv_test_2500_spine.h5,2752,2,2.0780003,27.5
/sdf/data/neutrino/sbnd/spine/prod/mpvmpr_v01/output_spine/larcv_test_2500_spine.h5,2752,2,2.0436,32.5
/sdf/data/neutrino/sbnd/spine/prod/mpvmpr_v01/output_spine/larcv_test_2500_spine.h5,2752,2,2.2452002,37.5
/sdf/data/neutrino/sbnd/spine/prod/mpvmpr_v01/output_spine/larcv_test_2500_spine.h5,2752,2,1.6827999,42.5
/sdf/data/neutrino/sbnd/spine/prod/mpvmpr_v01/output_spine/larcv_test_2500_spine.h5,2752,2,2.283115,46.832146
/sdf/data/neutrino/sbnd/spine/prod/mpvmpr_v01/output_spine/larcv_test_2500_spine.h5,2769,2,3.454857,1.2990407
/sdf/data/neutrino/sbnd/spine/prod/mpvmpr_v01/output_spine/larcv_test_2500_spine.h5,2769,2,4.0220003,2.5
/sdf/data/neutrino/sbnd/spine/prod/mpvmpr_v01/output_spine/larcv_test_2500_spine.h5,2769,2,4.6422834,5.9667654
/sdf/data/neutrino/sbnd/spine/prod/mpvmpr_v01/output_spine/larcv_test_2500_spine.h5,2772,2,3.0191998,2.5
/sdf/data/neutrino/sbnd/spine/prod/mpvmpr_v01/output_spine/larcv_test_2500_spine.h5,2772,2,7.3804607,6.3289146
/sdf/data/neutrino/sbnd/spine/prod/mpvmpr_v01/output_spine/larcv_test_2500_spine.h5,2778,1,-1.0,0.33541703
/sdf/data/neutrino/sbnd/spine/prod/mpvmpr_v01/output_spine/larcv_test_2500_spine.h5,2778,1,4.1400003,2.5
/sdf/data/neutrino/sbnd/spine/prod/mpvmpr_v01/output_spine/larcv_test_2500_spine.h5,2778,1,-1.0,5.30364
/sdf/data/neutrino/sbnd/spine/prod/mpvmpr_v01/output_spine/larcv_test_2500_spine.h5,2807,1,4.2276,2.5
/sdf/data/neutrino/sbnd/spine/prod/mpvmpr_v01/output_spine/larcv_test_2500_spine.h5,2807,1,3.6072006,7.5
/sdf/data/neutrino/sbnd/spine/prod/mpvmpr_v01/output_spine/larcv_test_2500_spine.h5,2807,1,2.9236,12.5
/sdf/data/neutrino/sbnd/spine/prod/mpvmpr_v01/output_spine/larcv_test_2500_spine.h5,2807,1,2.6739352,16.894213
/sdf/data/neutrino/sbnd/spine/prod/mpvmpr_v01/output_spine/larcv_test_2500_spine.h5,2822,1,1.9907999,2.5
/sdf/data/neutrino/sbnd/spine/prod/mpvmpr_v01/output_spine/larcv_test_2500_spine.h5,2822,1,1.9360002,7.5
/sdf/data/neutrino/sbnd/spine/prod/mpvmpr_v01/output_spine/larcv_test_2500_spine.h5,2822,1,2.1876,12.5
/sdf/data/neutrino/sbnd/spine/prod/mpvmpr_v01/output_spine/larcv_test_2500_spine.h5,2822,1,2.0648,17.5
/sdf/data/neutrino/sbnd/spine/prod/mpvmpr_v01/output_spine/larcv_test_2500_spine.h5,2822,1,2.2100005,22.5
/sdf/data/neutrino/sbnd/spine/prod/mpvmpr_v01/output_spine/larcv_test_2500_spine.h5,2822,1,2.2316,27.5
/sdf/data/neutrino/sbnd/spine/prod/mpvmpr_v01/output_spine/larcv_test_2500_spine.h5,2822,1,2.3588,32.5
/sdf/data/neutrino/sbnd/spine/prod/mpvmpr_v01/output_spine/larcv_test_2500_spine.h5,2822,1,2.2316003,37.5
/sdf/data/neutrino/sbnd/spine/prod/mpvmpr_v01/output_spine/larcv_test_2500_spine.h5,2822,1,2.7576003,42.5
/sdf/data/neutrino/sbnd/spine/prod/mpvmpr_v01/output_spine/larcv_test_2500_spine.h5,2822,1,2.4540002,47.5
/sdf/data/neutrino/sbnd/spine/prod/mpvmpr_v01/output_spine/larcv_test_2500_spine.h5,2822,1,2.9160004,52.5
/sdf/data/neutrino/sbnd/spine/prod/mpvmpr_v01/output_spine/larcv_test_2500_spine.h5,2822,1,3.1868002,57.5
/sdf/data/neutrino/sbnd/spine/prod/mpvmpr_v01/output_spine/larcv_test_2500_spine.h5,2822,1,3.7892005,62.5
/sdf/data/neutrino/sbnd/spine/prod/mpvmpr_v01/output_spine/larcv_test_2500_spine.h5,2822,1,5.5094514,66.31755
/sdf/data/neutrino/sbnd/spine/prod/mpvmpr_v01/output_spine/larcv_test_2500_spine.h5,2827,0,4.7566495,1.6431733
/sdf/data/neutrino/sbnd/spine/prod/mpvmpr_v01/output_spine/larcv_test_2500_spine.h5,2839,0,3.8188004,2.5
/sdf/data/neutrino/sbnd/spine/prod/mpvmpr_v01/output_spine/larcv_test_2500_spine.h5,2839,0,2.5279999,7.5
/sdf/data/neutrino/sbnd/spine/prod/mpvmpr_v01/output_spine/larcv_test_2500_spine.h5,2839,0,2.8348002,12.5
/sdf/data/neutrino/sbnd/spine/prod/mpvmpr_v01/output_spine/larcv_test_2500_spine.h5,2839,0,2.6932006,17.5
/sdf/data/neutrino/sbnd/spine/prod/mpvmpr_v01/output_spine/larcv_test_2500_spine.h5,2839,0,2.6928003,22.5
/sdf/data/neutrino/sbnd/spine/prod/mpvmpr_v01/output_spine/larcv_test_2500_spine.h5,2839,0,2.6903155,27.149563
/sdf/data/neutrino/sbnd/spine/prod/mpvmpr_v01/output_spine/larcv_test_2500_spine.h5,2848,1,4.0311995,2.5
/sdf/data/neutrino/sbnd/spine/prod/mpvmpr_v01/output_spine/larcv_test_2500_spine.h5,2848,1,3.1844,7.5
/sdf/data/neutrino/sbnd/spine/prod/mpvmpr_v01/output_spine/larcv_test_2500_spine.h5,2848,1,2.7744002,12.5
/sdf/data/neutrino/sbnd/spine/prod/mpvmpr_v01/output_spine/larcv_test_2500_spine.h5,2848,1,2.5240002,17.5
/sdf/data/neutrino/sbnd/spine/prod/mpvmpr_v01/output_spine/larcv_test_2500_spine.h5,2848,1,2.3532002,22.5
/sdf/data/neutrino/sbnd/spine/prod/mpvmpr_v01/output_spine/larcv_test_2500_spine.h5,2848,1,2.6161718,27.43065
/sdf/data/neutrino/sbnd/spine/prod/mpvmpr_v01/output_spine/larcv_test_2500_spine.h5,2924,3,6.2347736,1.6770456
/sdf/data/neutrino/sbnd/spine/prod/mpvmpr_v01/output_spine/larcv_test_2500_spine.h5,2925,9,5.565775,1.3665663
/sdf/data/neutrino/sbnd/spine/prod/mpvmpr_v01/output_spine/larcv_test_2500_spine.h5,2938,1,2.0636,2.5
/sdf/data/neutrino/sbnd/spine/prod/mpvmpr_v01/output_spine/larcv_test_2500_spine.h5,2938,1,2.2644005,7.5
/sdf/data/neutrino/sbnd/spine/prod/mpvmpr_v01/output_spine/larcv_test_2500_spine.h5,2938,1,2.7380002,12.5
/sdf/data/neutrino/sbnd/spine/prod/mpvmpr_v01/output_spine/larcv_test_2500_spine.h5,2938,1,3.1976004,17.5
/sdf/data/neutrino/sbnd/spine/prod/mpvmpr_v01/output_spine/larcv_test_2500_spine.h5,2938,1,5.398641,22.015322
/sdf/data/neutrino/sbnd/spine/prod/mpvmpr_v01/output_spine/larcv_test_2500_spine.h5,2951,2,3.1836002,2.5
/sdf/data/neutrino/sbnd/spine/prod/mpvmpr_v01/output_spine/larcv_test_2500_spine.h5,2951,2,5.5550876,6.8543367
/sdf/data/neutrino/sbnd/spine/prod/mpvmpr_v01/output_spine/larcv_test_2500_spine.h5,2961,10,2.2812004,2.5
/sdf/data/neutrino/sbnd/spine/prod/mpvmpr_v01/output_spine/larcv_test_2500_spine.h5,2961,10,2.496,7.5
/sdf/data/neutrino/sbnd/spine/prod/mpvmpr_v01/output_spine/larcv_test_2500_spine.h5,2961,10,2.9080005,12.5
/sdf/data/neutrino/sbnd/spine/prod/mpvmpr_v01/output_spine/larcv_test_2500_spine.h5,2961,10,3.0192,17.5
/sdf/data/neutrino/sbnd/spine/prod/mpvmpr_v01/output_spine/larcv_test_2500_spine.h5,2961,10,3.2219996,22.5
/sdf/data/neutrino/sbnd/spine/prod/mpvmpr_v01/output_spine/larcv_test_2500_spine.h5,2961,10,5.324817,27.13998
/sdf/data/neutrino/sbnd/spine/prod/mpvmpr_v01/output_spine/larcv_test_2500_spine.h5,2968,6,5.1668,2.5
/sdf/data/neutrino/sbnd/spine/prod/mpvmpr_v01/output_spine/larcv_test_2500_spine.h5,2968,6,3.0464003,7.5
/sdf/data/neutrino/sbnd/spine/prod/mpvmpr_v01/output_spine/larcv_test_2500_spine.h5,2968,6,2.6052003,12.5
/sdf/data/neutrino/sbnd/spine/prod/mpvmpr_v01/output_spine/larcv_test_2500_spine.h5,2968,6,2.3124,17.5
/sdf/data/neutrino/sbnd/spine/prod/mpvmpr_v01/output_spine/larcv_test_2500_spine.h5,2968,6,2.4044,22.5
/sdf/data/neutrino/sbnd/spine/prod/mpvmpr_v01/output_spine/larcv_test_2500_spine.h5,2968,6,-1.0,25.825634
/sdf/data/neutrino/sbnd/spine/prod/mpvmpr_v01/output_spine/larcv_test_2500_spine.h5,2969,1,3.3636003,2.5
/sdf/data/neutrino/sbnd/spine/prod/mpvmpr_v01/output_spine/larcv_test_2500_spine.h5,2969,1,2.9575999,7.5
/sdf/data/neutrino/sbnd/spine/prod/mpvmpr_v01/output_spine/larcv_test_2500_spine.h5,2969,1,2.4852,12.5
/sdf/data/neutrino/sbnd/spine/prod/mpvmpr_v01/output_spine/larcv_test_2500_spine.h5,2969,1,1.8763998,17.5
/sdf/data/neutrino/sbnd/spine/prod/mpvmpr_v01/output_spine/larcv_test_2500_spine.h5,2969,1,2.4292002,22.5
/sdf/data/neutrino/sbnd/spine/prod/mpvmpr_v01/output_spine/larcv_test_2500_spine.h5,2969,1,2.1716025,26.836893
/sdf/data/neutrino/sbnd/spine/prod/mpvmpr_v01/output_spine/larcv_test_2500_spine.h5,2977,0,4.491601,2.5
/sdf/data/neutrino/sbnd/spine/prod/mpvmpr_v01/output_spine/larcv_test_2500_spine.h5,2977,0,1.9556637,6.757971
/sdf/data/neutrino/sbnd/spine/prod/mpvmpr_v01/output_spine/larcv_test_2500_spine.h5,2989,6,5.0180006,2.5
/sdf/data/neutrino/sbnd/spine/prod/mpvmpr_v01/output_spine/larcv_test_2500_spine.h5,2989,6,2.9316,7.5
/sdf/data/neutrino/sbnd/spine/prod/mpvmpr_v01/output_spine/larcv_test_2500_spine.h5,2989,6,2.8100007,12.5
/sdf/data/neutrino/sbnd/spine/prod/mpvmpr_v01/output_spine/larcv_test_2500_spine.h5,2989,6,2.804,17.5
/sdf/data/neutrino/sbnd/spine/prod/mpvmpr_v01/output_spine/larcv_test_2500_spine.h5,2989,6,2.5932,22.5
/sdf/data/neutrino/sbnd/spine/prod/mpvmpr_v01/output_spine/larcv_test_2500_spine.h5,2989,6,2.4160001,27.5
/sdf/data/neutrino/sbnd/spine/prod/mpvmpr_v01/output_spine/larcv_test_2500_spine.h5,2989,6,2.3129928,31.828367
/sdf/data/neutrino/sbnd/spine/prod/mpvmpr_v01/output_spine/larcv_test_2500_spine.h5,2992,4,4.8108006,2.5
/sdf/data/neutrino/sbnd/spine/prod/mpvmpr_v01/output_spine/larcv_test_2500_spine.h5,2992,4,3.4067998,7.5
/sdf/data/neutrino/sbnd/spine/prod/mpvmpr_v01/output_spine/larcv_test_2500_spine.h5,2992,4,2.8856006,12.5
/sdf/data/neutrino/sbnd/spine/prod/mpvmpr_v01/output_spine/larcv_test_2500_spine.h5,2992,4,2.4115996,17.5
/sdf/data/neutrino/sbnd/spine/prod/mpvmpr_v01/output_spine/larcv_test_2500_spine.h5,2992,4,2.7496002,22.5
/sdf/data/neutrino/sbnd/spine/prod/mpvmpr_v01/output_spine/larcv_test_2500_spine.h5,2992,4,2.8088,27.5
/sdf/data/neutrino/sbnd/spine/prod/mpvmpr_v01/output_spine/larcv_test_2500_spine.h5,2992,4,2.2552001,32.5
/sdf/data/neutrino/sbnd/spine/prod/mpvmpr_v01/output_spine/larcv_test_2500_spine.h5,2992,4,2.4932377,37.330704
/sdf/data/neutrino/sbnd/spine/prod/mpvmpr_v01/output_spine/larcv_test_2500_spine.h5,3002,3,4.7788,2.5
/sdf/data/neutrino/sbnd/spine/prod/mpvmpr_v01/output_spine/larcv_test_2500_spine.h5,3002,3,3.2984004,7.5
/sdf/data/neutrino/sbnd/spine/prod/mpvmpr_v01/output_spine/larcv_test_2500_spine.h5,3002,3,2.7951999,12.5
/sdf/data/neutrino/sbnd/spine/prod/mpvmpr_v01/output_spine/larcv_test_2500_spine.h5,3002,3,3.2176282,16.895807
/sdf/data/neutrino/sbnd/spine/prod/mpvmpr_v01/output_spine/larcv_test_2500_spine.h5,3045,5,6.906283,0.92466533
/sdf/data/neutrino/sbnd/spine/prod/mpvmpr_v01/output_spine/larcv_test_2500_spine.h5,3050,3,4.8184004,2.5
/sdf/data/neutrino/sbnd/spine/prod/mpvmpr_v01/output_spine/larcv_test_2500_spine.h5,3050,3,-1.0,5.2238894
/sdf/data/neutrino/sbnd/spine/prod/mpvmpr_v01/output_spine/larcv_test_2500_spine.h5,3079,1,5.1728997,1.5660462
/sdf/data/neutrino/sbnd/spine/prod/mpvmpr_v01/output_spine/larcv_test_2500_spine.h5,3085,1,4.7551994,2.5
/sdf/data/neutrino/sbnd/spine/prod/mpvmpr_v01/output_spine/larcv_test_2500_spine.h5,3085,1,2.946,7.5
/sdf/data/neutrino/sbnd/spine/prod/mpvmpr_v01/output_spine/larcv_test_2500_spine.h5,3085,1,2.8132005,12.5
/sdf/data/neutrino/sbnd/spine/prod/mpvmpr_v01/output_spine/larcv_test_2500_spine.h5,3085,1,-1.0,15.350479
/sdf/data/neutrino/sbnd/spine/prod/mpvmpr_v01/output_spine/larcv_test_2500_spine.h5,3099,1,5.8558264,1.2903389
/sdf/data/neutrino/sbnd/spine/prod/mpvmpr_v01/output_spine/larcv_test_2500_spine.h5,3145,3,4.0463996,2.5
/sdf/data/neutrino/sbnd/spine/prod/mpvmpr_v01/output_spine/larcv_test_2500_spine.h5,3145,3,2.5535998,7.5
/sdf/data/neutrino/sbnd/spine/prod/mpvmpr_v01/output_spine/larcv_test_2500_spine.h5,3145,3,-1.0,10.835357
/sdf/data/neutrino/sbnd/spine/prod/mpvmpr_v01/output_spine/larcv_test_2500_spine.h5,3174,3,-1.0,0.33540678
/sdf/data/neutrino/sbnd/spine/prod/mpvmpr_v01/output_spine/larcv_test_2500_spine.h5,3219,0,2.6514132,1.4150945
/sdf/data/neutrino/sbnd/spine/prod/mpvmpr_v01/output_spine/larcv_test_2500_spine.h5,3219,0,-1.0,2.5
/sdf/data/neutrino/sbnd/spine/prod/mpvmpr_v01/output_spine/larcv_test_2500_spine.h5,3219,0,2.1504002,7.5
/sdf/data/neutrino/sbnd/spine/prod/mpvmpr_v01/output_spine/larcv_test_2500_spine.h5,3219,0,2.4048,12.5
/sdf/data/neutrino/sbnd/spine/prod/mpvmpr_v01/output_spine/larcv_test_2500_spine.h5,3219,0,2.6128001,17.5
/sdf/data/neutrino/sbnd/spine/prod/mpvmpr_v01/output_spine/larcv_test_2500_spine.h5,3219,0,2.2296004,22.5
/sdf/data/neutrino/sbnd/spine/prod/mpvmpr_v01/output_spine/larcv_test_2500_spine.h5,3219,0,2.4496002,27.5
/sdf/data/neutrino/sbnd/spine/prod/mpvmpr_v01/output_spine/larcv_test_2500_spine.h5,3219,0,2.6416001,32.5
/sdf/data/neutrino/sbnd/spine/prod/mpvmpr_v01/output_spine/larcv_test_2500_spine.h5,3219,0,2.5212,37.5
/sdf/data/neutrino/sbnd/spine/prod/mpvmpr_v01/output_spine/larcv_test_2500_spine.h5,3219,0,3.1080003,42.5
/sdf/data/neutrino/sbnd/spine/prod/mpvmpr_v01/output_spine/larcv_test_2500_spine.h5,3219,0,3.31,47.5
/sdf/data/neutrino/sbnd/spine/prod/mpvmpr_v01/output_spine/larcv_test_2500_spine.h5,3219,0,4.5436006,52.5
/sdf/data/neutrino/sbnd/spine/prod/mpvmpr_v01/output_spine/larcv_test_2500_spine.h5,3219,0,-1.0,55.424187
/sdf/data/neutrino/sbnd/spine/prod/mpvmpr_v01/output_spine/larcv_test_2500_spine.h5,3243,2,4.8108006,2.5
/sdf/data/neutrino/sbnd/spine/prod/mpvmpr_v01/output_spine/larcv_test_2500_spine.h5,3243,2,2.8988001,7.5
/sdf/data/neutrino/sbnd/spine/prod/mpvmpr_v01/output_spine/larcv_test_2500_spine.h5,3243,2,2.9547584,11.587608
